andaman and nicobar islands,andaman,2004,59.1,109.0,26.0,30.2,546.8,456.6,313.9,336.1,270.8,239.0,177.3,2.2
andaman and nicobar islands,andaman,2005,2.7,0.0,3.6,36.7,220.0,482.7,400.5,337.6,506.4,329.2,296.6,215.8
andaman and nicobar islands,andaman,2006,6.9,0.4,14.0,133.6,336.1,374.1,200.5,243.4,599.6,369.4,57.1,66.5
andaman and nicobar islands,andaman,2007,0.0,0.0,0.0,56.8,338.4,390.7,469.2,455.0,546.6,241.7,199.4,34.2
andaman and nicobar islands,andaman,2008,11.8,67.7,97.3,194.7,650.4,503.9,595.6,498.9,399.8,243.1,303.1,47.4
andaman and nicobar islands,andaman,2009,0.0,0.0,23.8,131.9,274.4,758.2,345.5,447.6,421.1,319.6,51.2,64.5
andaman and nicobar islands,andaman,2010,103.5,0.0,0.0,5.0,408.1,394.5,597.1,788.5,292.5,544.8,94.7,137.2
andaman and nicobar islands,nicobar,2004,25.5,113.4,93.5,83.4,390.9,324.9,293.7,206.2,323.6,207.8,164.7,102.5
andaman and nicobar islands,nicobar,2005,75.5,0.0,83.6,66.8,262.8,430.1,166.9,174.2,183.9,226.0,323.4,528.3
andaman and nicobar islands,nicobar,2006,49.4,61.6,169.2,305.5,364.7,344.3,141.4,137.1,378.5,409.8,144.0,103.4
andaman and nicobar islands,nicobar,2007,21.5,7.0,60.4,51.1,433.8,343.7,180.8,347.6,277.2,232.8,315.1,123.7
andaman and nicobar islands,nicobar,2008,33.2,14.0,182.3,235.9,187.0,282.3,214.3,302.6,96.4,252.3,404.1,161.3
andaman and nicobar islands,nicobar,2009,67.9,27.9,86.6,161.1,465.2,139.0,152.7,169.1,164.9,122.6,138.4,142.0
andaman and nicobar islands,nicobar,2010,79.8,26.0,1.7,28.3,232.5,502.0,442.9,318.9,234.8,249.1,583.2,355.7
andhra pradesh,chittor,2004,3.8,2.5,2.9,33.8,184.1,35.3,97.3,19.6,200.6,150.5,79.8,0.0
andhra pradesh,chittor,2005,0.0,27.1,13.0,59.4,78.8,105.3,109.1,155.5,203.3,365.2,286.2,141.0
andhra pradesh,chittor,2006,1.5,0.0,48.0,20.6,80.6,123.4,17.0,96.8,141.5,161.2,115.1,38.9
andhra pradesh,chittor,2007,0.0,2.9,0.0,26.7,66.2,101.1,141.8,200.7,115.5,214.4,55.4,167.5
andhra pradesh,chittor,2008,15.9,3.4,51.7,3.1,78.5,37.6,99.6,82.7,146.6,170.3,253.1,10.8
andhra pradesh,chittor,2009,1.3,0.0,0.3,5.1,54.8,63.4,31.8,154.2,148.7,47.5,188.1,59.2
andhra pradesh,chittor,2010,2.1,0.0,1.3,17.3,107.1,94.7,162.3,150.1,123.0,101.8,248.9,70.9
andhra pradesh,east  godavari,2004,5.0,1.9,0.0,33.7,60.4,154.4,208.6,216.4,155.3,147.0,0.4,0.2
andhra pradesh,east  godavari,2005,6.2,6.2,8.5,55.0,25.3,115.8,179.7,103.6,545.6,362.0,19.9,0.0
andhra pradesh,east  godavari,2006,0.0,0.0,8.9,61.8,66.4,98.4,107.0,288.8,229.9,277.8,45.0,0.0
andhra pradesh,east  godavari,2007,0.0,10.5,0.8,16.2,26.1,221.8,163.6,182.6,348.5,167.6,8.7,1.3
andhra pradesh,east  godavari,2008,0.0,49.8,109.2,8.8,50.1,179.3,212.1,280.0,96.6,75.7,60.2,1.7
andhra pradesh,east  godavari,2009,0.1,0.0,1.3,6.0,43.8,22.4,173.0,125.3,120.1,59.4,56.0,0.3
andhra pradesh,east  godavari,2010,1.6,0.0,0.4,10.9,174.7,167.9,350.4,247.7,170.6,242.4,407.4,134.8
andhra pradesh,rangareddy,2009,0.0,0.0,3.3,32.9,20.2,89.9,67.0,299.8,151.5,77.1,34.7,2.4
andhra pradesh,rangareddy,2010,9.6,3.2,0.0,13.9,21.2,162.2,272.4,286.6,205.4,99.4,31.7,4.8
andhra pradesh,rangareddy,2004,23.8,5.8,14.2,37.7,47.0,34.4,233.7,80.7,148.1,103.7,0.0,0.0
andhra pradesh,rangareddy,2005,12.7,13.2,33.8,16.9,29.6,96.0,332.5,130.1,274.2,162.3,0.0,0.0
andhra pradesh,rangareddy,2006,0.0,0.0,23.3,80.7,95.6,80.7,126.0,154.3,172.1,24.4,19.7,0.0
andhra pradesh,rangareddy,2007,0.0,0.1,0.0,19.4,29.9,140.1,41.6,182.9,190.2,35.0,25.2,0.0
andhra pradesh,rangareddy,2008,0.0,27.8,143.2,27.7,8.7,74.1,97.1,316.3,140.2,36.0,11.7,1.3
arunachal pradesh,papumpara,2004,65.2,8.4,272.7,267.6,714.6,678.0,746.4,322.1,536.5,353.3,0.0,27.1
arunachal pradesh,papumpara,2005,0.0,58.5,180.9,163.0,271.9,524.6,459.9,638.6,210.0,79.8,16.3,0.0
arunachal pradesh,papumpara,2006,7.6,246.0,42.2,184.2,147.9,429.9,381.4,191.0,315.3,108.0,72.3,22.3
arunachal pradesh,papumpara,2007,18.8,113.0,62.3,469.7,505.8,923.1,643.9,272.9,541.9,127.8,11.6,8.8
arunachal pradesh,papumpara,2008,68.9,21.8,162.5,186.6,405.8,1035.0,791.9,1017.7,382.8,180.0,0.0,8.4
arunachal pradesh,papumpara,2009,41.6,23.8,47.2,248.6,389.3,520.4,571.4,564.4,101.0,204.7,25.8,7.0
arunachal pradesh,papumpara,2010,0.0,10.0,326.4,649.4,478.2,648.3,505.5,385.9,790.0,41.5,63.5,1.5
assam,bongaigaon,2004,15.2,9.0,39.8,357.1,665.1,460.5,1071.7,141.4,176.2,216.6,0.0,7.2
assam,bongaigaon,2005,18.4,3.2,276.2,381.2,272.2,567.7,460.0,276.6,136.2,356.4,3.2,0.0
assam,bongaigaon,2006,0.0,17.6,0.0,160.7,182.2,393.8,481.2,144.8,381.6,0.0,0.0,0.0
assam,bongaigaon,2007,0.0,0.0,0.0,0.0,200.0,636.6,818.4,311.0,490.0,127.3,1.7,4.3
assam,bongaigaon,2008,10.0,41.4,76.8,196.9,242.2,477.5,681.7,890.9,274.6,129.0,0.0,0.0
assam,bongaigaon,2009,0.0,0.0,54.2,263.9,243.0,447.0,432.1,637.2,216.0,185.0,3.7,3.0
assam,bongaigaon,2010,0.0,2.1,110.2,550.4,566.6,864.6,612.2,291.0,506.8,65.8,0.0,0.0
assam,goalpara,2004,4.0,0.0,59.9,,257.9,392.4,979.6,223.0,200.2,476.0,6.4,4.2
assam,goalpara,2005,12.6,2.1,103.8,296.2,287.2,668.3,493.2,443.6,101.9,401.7,0.0,0.0
assam,goalpara,2006,0.0,0.0,0.0,130.1,281.2,324.6,309.3,356.5,405.3,123.9,4.9,7.2
assam,goalpara,2007,0.0,53.7,50.4,351.0,165.9,365.4,467.8,432.3,322.6,134.9,0.0,0.0
assam,goalpara,2008,50.8,1.0,142.7,348.8,245.2,435.6,453.3,627.8,311.1,140.6,0.0,0.0
assam,goalpara,2009,0.0,0.0,91.6,240.3,313.7,312.2,498.6,480.8,84.6,151.8,0.0,0.0
assam,goalpara,2010,,,52.4,484.2,485.5,612.0,234.5,177.9,107.1,106.4,4.2,2.1
assam,morigaon,2004,13.2,9.0,9.6,253.4,149.2,296.7,277.8,102.0,279.1,278.3,0.0,1.4
assam,morigaon,2005,36.0,7.7,106.7,77.5,148.5,137.2,291.4,240.6,141.4,214.6,27.8,0.0
assam,morigaon,2006,0.0,22.3,0.0,116.8,72.2,312.3,246.6,251.2,222.0,48.8,21.8,7.0
assam,morigaon,2007,0.0,78.1,23.4,128.2,128.1,255.1,478.6,213.4,192.2,112.4,28.2,0.0
assam,morigaon,2008,31.4,6.0,118.8,81.2,153.4,319.4,388.9,272.6,322.2,114.8,0.0,4.8
assam,morigaon,2009,0.0,0.0,41.8,25.0,231.6,96.7,383.4,269.6,137.6,95.2,4.6,10.8
assam,morigaon,2010,,,46.9,178.6,235.7,488.7,270.6,322.5,146.1,109.2,0.6,2.4
assam,n.a.lbari,2004,24.6,22.0,114.4,346.4,290.4,670.5,667.5,133.9,113.5,130.2,0.9,13.5
assam,n.a.lbari,2005,15.3,25.9,156.4,402.3,211.9,314.0,392.4,501.5,159.0,194.7,12.3,0.0
assam,n.a.lbari,2006,0.0,27.4,3.4,200.1,182.4,436.6,244.0,104.6,209.7,71.3,26.4,12.8
assam,n.a.lbari,2007,0.0,89.3,43.1,301.5,223.4,419.1,519.8,246.8,246.5,218.1,13.2,0.0
assam,n.a.lbari,2008,29.1,18.9,120.4,343.4,199.7,299.1,446.6,328.1,265.1,144.0,0.0,0.0
assam,n.a.lbari,2009,0.0,1.8,55.7,140.8,179.5,237.5,387.0,313.7,93.4,99.7,7.9,12.6
assam,n.a.lbari,2010,,,138.8,516.7,393.3,602.2,281.4,186.6,240.4,45.4,3.1,2.2
assam,nowgong,2004,21.4,0.0,5.5,300.3,23.8,172.6,268.6,134.9,154.7,194.4,0.0,3.2
assam,nowgong,2005,57.0,9.2,91.3,71.7,93.4,101.9,178.1,197.1,80.8,137.0,0.9,0.0
assam,nowgong,2006,0.0,22.7,13.1,58.5,183.3,186.7,160.0,157.2,179.5,62.4,22.4,23.3
assam,nowgong,2007,0.0,56.9,13.2,159.9,108.8,290.2,297.6,240.3,341.3,123.6,45.8,0.0
assam,nowgong,2008,16.8,3.4,62.4,159.5,99.6,253.7,161.1,288.0,215.6,94.1,0.0,0.0
assam,nowgong,2009,0.0,1.9,22.7,28.4,79.0,87.1,159.2,150.1,84.8,101.2,0.6,0.1
assam,nowgong,2010,,,45.8,168.7,205.8,226.3,162.5,362.7,161.4,105.9,6.1,3.2
bihar,purnea,2004,19.9,0.9,0.0,150.8,185.6,385.8,618.5,204.9,267.9,121.4,0.0,0.0
bihar,purnea,2005,19.9,2.1,23.8,4.9,36.7,390.0,481.9,619.1,186.8,127.0,0.0,0.0
bihar,purnea,2006,0.0,0.0,3.1,14.2,0.0,293.3,490.8,194.4,346.6,94.7,0.0,2.9
bihar,purnea,2007,0.0,8.8,0.8,2.0,48.1,387.0,519.1,576.5,343.8,9.2,0.0,0.0
bihar,purnea,2008,20.9,4.0,9.2,12.7,110.2,309.2,617.9,622.4,258.6,77.1,0.0,0.0
bihar,purnea,2009,0.0,3.3,7.4,3.3,269.9,214.3,416.2,560.7,72.7,222.6,11.2,0.2
bihar,purnea,2010,0.0,0.0,0.0,30.6,241.3,431.7,690.2,353.3,302.0,42.3,0.6,0.0
chhattisgarh,bastar,2004,55.5,11.5,1.7,33.9,52.2,331.7,389.7,322.4,322.5,120.3,2.8,0.0
chhattisgarh,bastar,2005,21.8,21.6,3.6,25.9,89.2,165.2,261.7,252.9,344.8,229.2,3.2,0.0
chhattisgarh,bastar,2006,0.0,0.0,43.7,132.0,90.0,127.3,491.0,422.0,309.3,1.6,92.9,0.0
chhattisgarh,bastar,2007,0.0,15.3,0.0,13.5,68.6,337.0,195.9,377.4,157.7,93.8,0.0,0.0
chhattisgarh,bastar,2008,10.0,18.2,135.5,17.7,40.3,183.9,360.2,380.5,239.5,11.8,0.7,0.0
chhattisgarh,bastar,2009,0.0,0.0,0.0,0.0,41.9,87.6,446.9,315.5,113.0,26.0,7.4,0.0
chhattisgarh,bastar,2010,6.1,3.1,10.1,36.0,38.2,133.1,422.7,436.8,320.1,151.5,35.4,30.1
chhattisgarh,bilaspur,2004,51.7,0.3,25.3,53.1,82.4,291.6,292.7,330.5,91.4,43.5,4.4,5.4
chhattisgarh,bilaspur,2005,74.2,39.6,7.7,14.0,41.5,305.2,450.4,269.4,200.8,72.9,0.0,0.0
chhattisgarh,bilaspur,2006,0.0,0.0,75.8,20.2,90.8,56.6,369.4,316.1,128.4,29.6,3.9,0.9
chhattisgarh,bilaspur,2007,0.0,61.5,22.1,11.8,26.9,190.2,353.5,306.4,281.6,9.8,5.6,0.0
chhattisgarh,bilaspur,2008,4.0,11.9,34.2,11.3,1.7,249.8,230.8,257.6,236.2,4.8,4.7,0.0
chhattisgarh,bilaspur,2009,7.8,0.0,0.0,9.7,23.5,43.1,314.8,301.9,62.6,28.0,63.4,0.0
chhattisgarh,bilaspur,2010,3.3,3.5,0.1,6.3,19.6,51.5,300.3,250.5,273.7,36.4,7.3,21.4
chhattisgarh,dhamtari,2004,0.0,0.0,0.0,0.0,76.7,215.1,245.2,239.4,109.6,30.0,0.0,0.0
chhattisgarh,dhamtari,2005,78.8,37.6,21.0,5.6,8.4,109.0,319.2,204.0,289.0,27.7,0.0,0.0
chhattisgarh,dhamtari,2006,0.0,0.0,68.0,40.0,72.5,53.9,449.2,482.0,143.0,1.6,10.2,0.0
chhattisgarh,dhamtari,2007,0.0,0.0,11.8,2.4,24.4,269.8,154.4,266.6,236.2,41.6,0.0,0.0
chhattisgarh,dhamtari,2008,0.0,10.6,0.0,0.0,0.0,316.0,180.2,194.0,188.7,11.5,0.0,0.0
chhattisgarh,dhamtari,2009,0.0,0.0,0.0,0.0,0.0,98.7,648.9,142.3,77.3,1.3,144.5,0.0
chhattisgarh,dhamtari,2010,4.0,0.0,0.0,0.0,3.8,70.2,432.4,202.5,347.8,112.0,20.5,17.9
chhattisgarh,durg,2004,0.0,0.0,0.0,0.0,0.0,291.8,306.4,300.5,85.9,13.3,0.0,0.0
chhattisgarh,durg,2005,,,3.5,6.2,29.3,98.2,326.0,236.4,353.5,48.2,0.0,2.6
chhattisgarh,durg,2006,0.0,0.0,26.8,18.2,44.8,27.4,251.7,392.6,120.5,4.4,0.0,0.0
chhattisgarh,durg,2007,0.0,5.8,1.8,0.0,0.0,229.6,298.4,328.8,202.1,2.0,0.0,0.0
chhattisgarh,durg,2008,0.0,0.0,6.8,0.0,0.0,240.0,138.3,287.9,231.8,0.0,0.0,0.0
chhattisgarh,durg,2009,0.0,0.0,0.0,0.0,0.0,21.5,405.2,213.0,51.8,4.2,99.2,0.0
chhattisgarh,durg,2010,6.2,0.0,0.0,0.0,7.7,146.4,391.3,276.6,279.8,11.1,18.2,12.4
chhattisgarh,janjgir,2004,31.2,2.2,12.3,23.3,3.9,169.1,344.1,385.7,51.0,27.9,0.0,0.0
chhattisgarh,janjgir,2005,56.9,9.3,11.7,0.0,10.2,260.8,245.7,360.8,169.6,92.4,0.0,0.0
chhattisgarh,janjgir,2006,0.0,0.0,73.8,35.7,13.9,85.5,431.7,416.3,142.7,2.2,1.3,0.0
chhattisgarh,janjgir,2007,0.0,62.2,6.8,0.0,8.3,156.5,364.7,473.5,280.1,31.5,12.4,0.0
chhattisgarh,janjgir,2008,1.2,12.8,9.0,20.0,0.0,231.6,351.4,526.5,252.1,0.0,0.0,0.0
chhattisgarh,janjgir,2009,0.0,0.0,0.0,3.4,7.7,4.0,413.7,325.9,80.5,12.2,26.3,0.0
chhattisgarh,janjgir,2010,0.0,1.1,0.0,0.0,1.2,21.9,441.1,377.6,276.0,51.4,0.0,42.3
chhattisgarh,jashpur,2004,13.0,0.0,0.0,23.0,64.8,282.0,399.7,318.3,193.4,34.6,0.0,0.0
chhattisgarh,jashpur,2005,20.0,8.0,27.0,0.0,0.0,226.4,493.2,274.6,215.6,130.2,0.0,0.0
chhattisgarh,jashpur,2006,0.0,0.0,0.0,0.0,2.0,25.8,372.2,269.3,110.2,56.8,0.0,0.0
chhattisgarh,jashpur,2007,0.0,0.0,3.0,0.0,0.0,207.6,281.9,408.2,236.4,96.4,0.0,0.0
chhattisgarh,jashpur,2008,0.0,0.0,2.2,0.0,0.0,356.6,381.7,373.7,239.6,58.2,0.0,0.0
chhattisgarh,jashpur,2009,0.0,0.0,0.0,0.0,0.0,11.4,447.7,396.0,119.4,89.5,0.0,0.0
chhattisgarh,jashpur,2010,0.0,0.0,0.0,0.0,0.0,86.5,368.1,263.2,274.9,68.7,19.5,53.0
chhattisgarh,kanker,2004,13.0,0.0,0.0,0.0,0.0,192.6,301.4,300.7,165.0,65.1,0.0,0.0
chhattisgarh,kanker,2005,10.5,0.0,,65.0,65.0,169.9,439.9,165.9,273.0,56.5,0.0,0.0
chhattisgarh,kanker,2006,0.0,0.0,59.5,59.3,0.0,94.4,624.5,443.2,255.8,19.0,16.0,0.0
chhattisgarh,kanker,2007,0.0,0.0,0.0,0.0,0.1,479.6,87.6,416.8,204.2,47.4,0.0,0.0
chhattisgarh,kanker,2008,0.0,0.0,0.0,0.0,0.0,192.6,207.5,148.4,90.6,13.1,0.0,0.0
chhattisgarh,kanker,2009,0.0,0.0,0.0,0.0,0.0,29.5,488.7,266.9,55.7,27.8,0.0,0.0
chhattisgarh,kanker,2010,30.6,0.2,0.0,0.0,0.0,76.0,414.6,484.2,325.3,98.7,0.0,51.2
chhattisgarh,korba,2004,40.0,5.0,10.1,17.7,12.8,179.3,341.0,653.2,45.3,51.8,0.0,0.0
chhattisgarh,korba,2005,63.9,35.9,0.0,0.0,6.7,231.6,544.0,378.5,191.3,30.4,0.0,0.0
chhattisgarh,korba,2006,0.0,0.0,0.0,0.0,33.8,85.5,234.6,302.9,91.2,0.8,1.9,0.0
chhattisgarh,korba,2007,0.0,25.6,16.9,0.0,0.0,153.0,294.4,147.1,214.5,5.9,0.0,0.0
chhattisgarh,korba,2008,0.0,10.0,0.0,0.0,0.0,204.1,489.7,314.3,213.0,2.5,0.0,0.0
chhattisgarh,korba,2009,0.0,0.0,0.0,0.0,0.0,3.7,448.9,275.6,71.8,22.6,0.0,0.0
chhattisgarh,korba,2010,0.0,0.0,0.0,0.0,0.0,36.3,471.6,328.5,207.3,26.7,6.7,16.0
chhattisgarh,koriya,2004,28.5,0.0,1.0,9.5,21.0,95.9,353.4,364.1,67.8,24.1,0.0,0.0
chhattisgarh,koriya,2005,54.7,18.3,24.8,0.0,15.6,229.3,338.3,218.6,207.9,45.8,0.0,0.0
chhattisgarh,koriya,2006,,0.0,0.0,0.0,,59.3,465.5,415.1,80.1,1.3,0.0,0.0
chhattisgarh,koriya,2007,0.0,66.1,28.2,0.0,1.4,110.9,571.4,251.5,259.8,29.5,0.0,0.0
chhattisgarh,koriya,2008,0.0,9.4,0.0,0.0,0.0,290.8,340.4,325.8,12.9,19.1,0.0,0.0
chhattisgarh,koriya,2009,0.0,0.0,0.0,0.0,0.0,52.7,328.4,283.2,131.4,21.2,0.0,0.0
chhattisgarh,koriya,2010,0.0,1.7,0.0,0.0,0.0,18.3,368.2,218.0,75.8,12.0,0.0,8.2
chhattisgarh,mahasamund,2004,47.2,19.0,35.7,31.2,5.8,257.6,338.8,257.7,173.5,56.3,0.0,0.0
chhattisgarh,mahasamund,2005,85.4,19.1,7.7,0.0,40.0,168.3,444.9,245.5,251.8,116.3,0.0,0.0
chhattisgarh,mahasamund,2006,0.0,0.0,8.6,22.6,8.6,85.4,388.2,723.8,144.7,0.0,2.0,0.0
chhattisgarh,mahasamund,2007,0.0,32.5,0.0,14.0,8.7,232.0,296.3,258.3,303.3,29.5,0.0,0.0
chhattisgarh,mahasamund,2008,0.0,5.8,0.0,0.0,0.0,237.0,171.3,246.2,270.0,14.6,0.0,0.0
chhattisgarh,mahasamund,2009,0.0,0.0,0.0,0.0,0.0,21.2,895.2,188.7,68.9,16.1,0.0,0.0
chhattisgarh,mahasamund,2010,0.0,0.1,0.0,0.0,0.0,182.0,513.0,197.4,189.1,23.4,4.4,20.6
chhattisgarh,raigarh,2004,18.8,0.0,0.0,0.0,0.0,168.5,289.2,474.8,61.9,36.6,0.0,0.0
chhattisgarh,raigarh,2005,37.5,8.2,0.0,0.0,0.0,277.1,427.6,310.4,121.6,64.4,0.0,0.0
chhattisgarh,raigarh,2006,0.0,0.0,0.0,0.0,91.2,117.5,308.2,430.6,110.2,26.1,5.3,0.0
chhattisgarh,raigarh,2007,0.0,35.2,17.2,0.0,29.6,233.1,342.3,318.2,239.5,40.1,36.6,0.0
chhattisgarh,raigarh,2008,22.4,21.3,27.8,31.5,2.3,256.7,298.1,586.5,261.5,5.8,0.0,0.0
chhattisgarh,raigarh,2009,0.0,0.0,0.0,0.0,0.0,15.3,650.4,194.8,92.2,25.5,0.0,0.0
chhattisgarh,raigarh,2010,0.0,0.0,0.0,0.0,0.0,117.1,319.5,251.4,251.2,21.3,7.3,20.5
chhattisgarh,raipur,2004,36.7,32.4,10.9,11.7,24.0,217.3,341.5,143.0,86.6,35.1,0.0,0.0
chhattisgarh,raipur,2005,68.6,25.0,0.9,2.4,25.9,155.9,493.5,255.3,229.3,91.2,0.0,0.0
chhattisgarh,raipur,2006,0.0,0.0,35.6,31.2,72.0,59.6,384.5,430.5,177.5,14.4,1.4,0.0
chhattisgarh,raipur,2007,0.0,19.5,0.2,0.2,4.1,525.2,320.1,284.6,238.0,28.3,14.0,0.0
chhattisgarh,raipur,2008,6.5,10.1,2.6,1.0,5.8,262.8,233.1,279.5,289.7,23.4,0.0,0.0
chhattisgarh,raipur,2009,0.0,0.0,0.0,2.1,4.9,25.8,571.8,246.4,66.4,20.1,10.5,0.3
chhattisgarh,raipur,2010,3.4,1.0,0.0,1.7,5.0,53.8,462.4,225.0,273.8,47.7,23.3,12.0
chhattisgarh,rajnandgaon,2004,18.5,36.0,4.1,0.0,0.0,247.5,379.7,202.2,111.6,23.5,0.0,0.0
chhattisgarh,rajnandgaon,2005,164.1,17.6,5.8,0.0,0.0,204.5,366.0,344.4,389.7,76.7,0.0,0.0
chhattisgarh,rajnandgaon,2006,0.0,0.0,36.0,12.0,0.0,65.5,323.9,530.5,154.2,5.5,0.0,0.0
chhattisgarh,rajnandgaon,2007,0.0,16.9,0.0,0.0,6.0,159.5,125.3,300.6,110.2,24.7,26.6,0.0
chhattisgarh,rajnandgaon,2008,8.4,15.4,45.0,0.2,9.3,87.0,181.0,239.8,225.4,1.2,0.0,0.0
chhattisgarh,rajnandgaon,2009,0.0,0.0,0.0,2.2,2.9,38.3,430.9,163.0,58.6,16.4,22.0,0.6
chhattisgarh,rajnandgaon,2010,3.8,1.5,0.0,0.0,1.4,149.4,438.0,309.1,269.4,24.8,8.0,16.5
chhattisgarh,surguja,2004,27.2,2.0,0.0,14.7,14.5,105.4,378.6,271.0,109.2,49.0,0.0,0.0
chhattisgarh,surguja,2005,59.3,61.0,7.3,5.0,3.8,240.4,218.1,263.6,219.5,42.0,0.0,0.1
chhattisgarh,surguja,2006,0.0,0.0,45.0,17.4,33.7,82.1,391.9,439.3,146.7,25.7,4.5,0.0
chhattisgarh,surguja,2007,0.0,33.2,17.2,8.4,21.1,155.1,354.6,248.1,285.9,29.5,0.3,0.0
chhattisgarh,surguja,2008,8.3,6.9,10.3,25.4,8.9,331.8,359.6,246.0,111.7,9.8,0.9,0.0
chhattisgarh,surguja,2009,5.4,0.0,0.0,0.3,3.5,74.2,234.6,150.0,77.1,19.0,52.7,0.0
chhattisgarh,surguja,2010,0.0,10.9,0.0,0.0,9.0,51.6,216.0,102.4,154.3,22.8,6.4,23.3
goa,goa,nan,,,,,,,,,,,,
goa,goa,2004,0.0,0.0,0.0,0.0,62.3,664.2,752.8,624.0,197.8,85.8,6.3,0.0
goa,goa,2005,0.0,0.7,0.0,15.0,14.2,952.9,1317.9,472.3,662.7,75.8,0.0,0.2
goa,goa,2006,0.0,0.0,21.1,0.3,349.9,745.4,607.3,731.1,418.2,362.1,53.4,0.0
goa,goa,2007,0.0,0.0,0.0,0.0,96.5,1016.0,761.9,1051.7,775.5,76.2,88.8,0.6
goa,goa,2008,0.0,0.0,75.2,10.3,26.4,886.4,703.3,1048.0,664.1,9.5,2.0,5.6
goa,goa,2009,0.0,0.0,0.0,0.5,4.0,649.2,1381.8,347.5,436.1,354.7,155.2,0.0
goa,goa,2010,10.4,0.0,0.0,7.7,60.2,828.3,1291.1,811.9,497.9,312.3,185.9,12.6
gujarat,ahmedabad,2004,0.0,0.0,0.0,0.0,2.4,61.2,222.6,454.2,45.4,34.0,0.1,0.0
gujarat,ahmedabad,2005,0.0,0.0,0.0,0.0,0.0,393.2,301.0,223.3,341.4,0.0,0.0,0.0
gujarat,ahmedabad,2006,0.0,0.0,0.4,0.0,0.0,84.9,433.0,268.0,108.5,0.0,0.0,0.0
gujarat,ahmedabad,2007,0.0,0.1,0.0,0.0,0.4,95.3,381.2,310.0,103.2,0.0,0.0,0.0
gujarat,ahmedabad,2008,0.0,0.0,0.0,0.7,0.0,26.7,221.9,233.6,273.5,8.4,0.0,2.0
gujarat,ahmedabad,2009,0.0,0.0,0.0,0.0,0.0,4.7,265.5,103.2,8.8,4.9,0.0,0.0
gujarat,ahmedabad,2010,0.2,0.0,,0.0,0.0,46.7,335.9,421.0,241.7,0.9,50.7,0.2
gujarat,banaskantha,2004,0.0,0.0,0.0,0.0,12.5,96.0,30.4,218.1,38.8,39.9,0.0,0.0
gujarat,banaskantha,2005,0.0,0.0,0.0,0.0,0.0,68.0,200.4,197.9,284.3,0.0,0.0,0.0
gujarat,banaskantha,2006,0.0,0.0,0.5,0.0,0.0,55.0,269.4,882.6,167.5,0.1,0.0,0.0
gujarat,banaskantha,2007,0.0,0.5,0.2,0.0,0.0,37.6,517.9,238.0,68.8,0.0,0.0,0.0
gujarat,banaskantha,2008,0.0,0.1,0.0,7.6,0.0,27.5,88.2,312.0,102.0,1.1,0.0,0.6
gujarat,banaskantha,2009,0.0,0.0,0.3,0.0,0.0,9.9,283.1,74.1,2.5,0.0,0.0,0.0
gujarat,banaskantha,2010,0.8,0.0,0.0,0.0,0.0,35.8,404.0,331.3,138.4,0.0,75.9,0.1
gujarat,baroda,2004,0.0,0.0,0.0,0.0,2.1,83.2,253.0,549.5,29.2,20.6,0.0,0.0
gujarat,baroda,2005,0.0,0.0,0.0,0.0,0.1,453.5,371.1,157.3,381.8,1.4,0.0,0.0
gujarat,baroda,2006,0.0,0.0,0.1,0.0,0.0,103.8,665.3,691.6,171.0,12.3,0.0,0.0
gujarat,baroda,2007,0.2,0.0,0.0,0.0,0.0,112.8,544.1,243.8,258.8,0.0,0.7,0.0
gujarat,baroda,2008,0.0,0.0,0.0,0.7,0.0,32.3,264.3,353.2,192.1,8.0,0.5,0.1
gujarat,baroda,2009,0.0,0.0,0.0,0.0,0.0,12.8,308.1,123.0,40.3,28.8,12.8,0.4
gujarat,baroda,2010,0.0,0.0,0.0,0.0,0.0,48.0,290.1,374.7,214.8,0.6,21.9,0.0
gujarat,broach,2004,0.0,0.0,0.0,0.0,3.9,99.1,221.2,389.9,45.9,21.1,0.0,0.0
gujarat,broach,2005,0.0,0.0,0.0,0.0,0.0,461.8,149.0,99.0,246.5,0.0,0.0,0.0
gujarat,broach,2006,0.0,0.0,0.0,0.0,0.0,67.1,572.9,239.6,85.8,4.2,7.9,0.0
gujarat,broach,2007,0.0,0.0,0.0,0.0,0.0,72.5,445.7,218.1,189.6,0.0,0.0,0.0
gujarat,broach,2008,0.0,0.0,0.0,3.0,0.0,47.1,267.7,226.3,209.7,2.8,0.9,0.0
gujarat,broach,2009,0.0,0.0,0.0,0.0,0.0,12.0,250.8,81.2,44.7,38.4,3.3,0.0
gujarat,broach,2010,0.0,0.0,0.0,0.0,0.0,47.4,290.5,247.1,286.5,11.8,19.3,0.0
gujarat,dahod,2004,0.0,0.0,0.0,0.0,0.0,77.5,169.3,773.2,29.3,7.0,0.0,0.0
gujarat,dahod,2005,0.0,0.0,0.0,0.0,0.0,39.3,215.3,103.3,171.7,0.0,0.0,0.0
gujarat,dahod,2006,0.0,0.0,0.0,0.0,0.0,85.9,373.6,590.3,145.4,4.1,0.0,0.0
gujarat,dahod,2007,0.0,0.0,0.0,0.0,0.0,41.3,415.4,281.7,121.7,0.0,0.0,0.0
gujarat,dahod,2008,0.0,0.0,0.0,0.0,0.0,35.7,163.8,267.7,120.3,5.4,0.0,0.0
gujarat,dahod,2009,0.0,0.0,0.0,0.0,0.0,20.0,221.0,103.9,56.3,26.9,11.1,0.0
gujarat,dahod,2010,0.0,0.0,0.0,0.0,0.0,54.4,158.4,249.9,115.3,0.0,8.1,0.0
gujarat,dangs,2004,0.0,0.0,0.0,0.0,0.0,285.0,517.0,1369.0,217.0,71.0,0.0,0.0
gujarat,dangs,2005,0.0,0.0,0.0,0.0,0.0,1448.0,836.0,774.0,745.0,20.0,0.0,0.0
gujarat,dangs,2006,0.0,0.0,9.0,0.0,0.0,193.0,1253.0,952.0,151.0,51.6,7.0,0.0
gujarat,dangs,2007,0.0,0.0,0.0,0.0,0.0,292.0,832.0,518.0,243.0,0.0,36.0,0.0
gujarat,dangs,2008,0.0,0.0,0.0,0.0,0.0,65.0,546.0,1071.0,784.0,127.0,0.0,0.0
gujarat,dangs,2009,0.0,0.0,0.0,0.0,0.0,37.0,866.0,154.0,250.0,166.0,59.0,0.0
gujarat,dangs,2010,0.0,0.0,0.0,0.0,0.0,176.0,427.0,788.0,312.0,40.0,144.0,0.0
gujarat,jamnagar,nan,,,,,,,,,,,,
gujarat,jamnagar,2004,0.6,0.0,0.0,0.0,21.9,144.5,68.7,259.0,32.8,35.5,0.0,0.0
gujarat,jamnagar,2005,0.0,0.0,0.0,0.0,0.0,103.1,182.1,76.6,214.0,0.0,0.0,0.0
gujarat,jamnagar,2006,0.0,0.0,3.0,0.0,0.0,51.3,370.0,247.4,101.8,0.0,0.0,0.0
gujarat,jamnagar,2007,0.0,4.3,0.0,0.0,0.0,132.0,269.6,630.3,162.7,0.0,0.4,0.0
gujarat,jamnagar,2008,0.5,0.7,0.1,0.0,0.0,139.2,156.9,83.7,192.6,0.8,0.5,2.5
gujarat,jamnagar,2009,0.0,0.0,0.0,0.0,0.0,128.4,629.7,142.8,12.5,4.4,0.2,0.0
gujarat,jamnagar,2010,0.3,0.0,0.0,0.0,0.0,112.2,619.3,471.9,237.1,3.0,62.0,0.0
gujarat,junagarh,2004,0.8,0.0,0.0,0.0,5.6,218.2,184.0,578.0,30.3,14.6,0.0,0.0
gujarat,junagarh,2005,0.0,0.0,0.0,0.0,0.0,316.7,174.3,88.9,371.4,1.4,0.0,0.0
gujarat,junagarh,2006,0.0,0.0,0.3,0.0,0.0,134.9,508.8,223.4,107.3,2.7,1.5,0.0
gujarat,junagarh,2007,0.0,0.1,0.0,0.0,0.0,154.2,226.5,956.0,314.1,0.0,2.8,0.0
gujarat,junagarh,2008,0.0,0.1,0.0,0.0,0.0,111.9,551.2,108.8,345.0,4.6,0.0,0.0
gujarat,junagarh,2009,0.0,0.0,0.0,0.0,0.0,204.9,1035.7,66.9,16.4,2.4,7.6,0.0
gujarat,junagarh,2010,0.0,0.0,0.0,0.0,1.0,88.7,686.8,540.1,267.1,30.5,87.5,0.0
gujarat,kutch,2004,0.1,0.0,0.0,0.0,3.9,69.6,17.3,158.9,33.4,16.9,0.0,0.0
gujarat,kutch,2005,0.0,0.0,0.0,0.0,0.1,84.9,123.8,24.0,153.7,0.0,0.0,0.0
gujarat,kutch,2006,0.0,0.0,2.8,0.0,0.0,17.8,266.5,241.5,30.9,0.0,0.0,1.4
gujarat,kutch,2007,0.0,2.2,0.2,0.0,0.0,87.9,111.8,311.2,50.5,0.1,0.0,0.0
gujarat,kutch,2008,0.1,0.1,0.0,0.0,0.0,63.2,38.0,84.0,113.2,0.1,1.1,14.6
gujarat,kutch,2009,0.0,0.0,0.0,0.0,0.0,42.4,323.5,124.6,6.4,0.9,0.1,0.0
gujarat,kutch,2010,0.3,0.0,0.0,0.0,0.0,52.7,344.3,283.0,153.3,0.0,54.2,0.0
gujarat,mehsana,2004,0.0,0.0,0.0,0.0,6.2,123.8,99.9,328.3,37.4,21.5,0.0,0.0
gujarat,mehsana,2005,0.0,0.0,0.0,0.0,0.0,172.3,510.5,363.6,344.5,0.0,0.0,0.0
gujarat,mehsana,2006,0.0,0.0,0.2,0.0,0.0,111.4,352.6,803.0,150.0,0.4,0.0,0.0
gujarat,mehsana,2007,0.0,0.0,0.0,0.0,0.0,38.4,661.2,335.5,64.5,0.0,0.0,0.0
gujarat,mehsana,2008,0.0,0.0,0.0,5.0,0.0,47.4,140.6,329.9,73.6,3.2,0.0,7.7
gujarat,mehsana,2009,0.0,0.0,0.0,0.0,0.0,1.3,284.7,152.2,9.6,0.5,0.0,0.0
gujarat,mehsana,2010,0.0,0.0,0.0,0.0,0.0,62.1,345.3,281.4,97.5,0.0,37.4,0.1
gujarat,navsari,nan,,,,,,,,,,,,
gujarat,navsari,2004,0.0,0.0,0.0,0.0,7.0,301.3,835.0,823.0,104.0,7.7,0.0,0.0
gujarat,navsari,2005,0.0,0.0,0.0,0.0,0.0,1412.6,605.3,455.5,494.5,1.3,0.0,0.0
gujarat,navsari,2006,0.0,0.0,1.2,0.0,0.0,311.6,1218.4,441.0,101.4,19.4,5.6,0.0
gujarat,navsari,2007,0.0,0.0,0.0,0.0,0.0,145.9,629.6,635.3,326.2,0.0,0.0,0.0
gujarat,navsari,2008,0.0,0.0,0.0,0.0,0.0,134.2,783.2,838.0,428.8,9.4,0.0,2.2
gujarat,navsari,2009,0.0,0.0,0.0,0.0,0.0,30.6,983.4,162.6,203.8,71.6,34.4,0.0
gujarat,navsari,2010,0.0,0.0,0.0,0.0,0.0,156.0,553.6,677.8,540.4,23.4,30.8,0.0
gujarat,panchmahal,2004,0.0,0.0,0.0,0.0,2.6,54.9,230.8,640.3,16.0,10.0,0.0,0.0
gujarat,panchmahal,2005,0.0,0.0,0.0,0.0,0.8,146.1,373.6,132.0,254.9,0.0,0.0,0.0
gujarat,panchmahal,2006,0.0,0.0,0.0,0.0,0.0,102.1,436.1,745.0,127.9,7.1,0.0,0.0
gujarat,panchmahal,2007,0.0,0.0,0.0,0.0,0.0,36.3,490.6,284.6,174.6,0.0,0.0,0.0
gujarat,panchmahal,2008,0.0,0.0,0.0,0.0,0.0,34.0,213.2,316.6,104.1,6.0,0.0,0.0
gujarat,panchmahal,2009,0.0,0.0,0.0,0.0,0.0,14.4,258.9,151.1,37.6,15.1,10.1,0.0
gujarat,panchmahal,2010,0.0,0.0,0.0,0.0,0.0,36.9,168.5,338.7,163.9,0.0,2.9,0.0
gujarat,porbandar,nan,,,,,,,,,,,,
gujarat,porbandar,2004,0.0,0.0,0.0,0.0,33.8,128.7,76.9,263.4,9.4,15.7,0.0,0.0
gujarat,porbandar,2005,0.0,0.0,0.0,0.0,0.0,199.0,193.3,41.6,261.0,0.0,0.0,0.0
gujarat,porbandar,2006,0.0,0.0,0.0,0.0,0.0,47.5,473.3,262.6,132.7,0.0,0.0,0.0
gujarat,porbandar,2007,0.0,2.3,0.0,0.0,0.0,137.4,207.0,830.7,165.3,0.0,5.7,0.0
gujarat,porbandar,2008,0.0,0.5,0.0,0.0,0.0,92.6,263.7,55.6,230.9,0.0,1.9,0.1
gujarat,porbandar,2009,0.0,0.0,0.0,0.0,0.0,273.2,1036.2,137.3,9.1,0.0,0.0,0.0
gujarat,porbandar,2010,0.0,0.0,0.0,0.0,0.0,37.6,733.4,563.3,344.1,17.9,82.5,0.0
gujarat,sabarkantha,2004,0.0,0.0,0.0,0.0,1.1,127.0,116.3,445.6,19.1,15.7,0.0,0.0
gujarat,sabarkantha,2005,0.0,0.0,0.0,0.0,0.4,71.1,470.3,238.6,278.9,0.0,0.0,0.0
gujarat,sabarkantha,2006,0.0,0.0,0.0,0.0,0.0,120.7,416.1,932.2,230.3,2.3,0.0,0.0
gujarat,sabarkantha,2007,0.0,0.2,0.0,0.0,0.0,55.8,820.1,336.6,97.7,0.0,0.0,0.0
gujarat,sabarkantha,2008,0.0,0.0,0.0,1.9,0.0,39.2,208.2,311.6,99.3,7.2,0.0,1.2
gujarat,sabarkantha,2009,0.0,0.0,0.0,0.0,0.0,13.0,404.9,209.6,29.3,3.1,0.6,0.0
gujarat,sabarkantha,2010,0.0,0.0,0.0,0.0,0.0,39.6,321.7,375.5,133.0,0.0,25.8,2.1
gujarat,valsad,nan,,,,,,,,,,,,
gujarat,valsad,2004,0.0,0.0,0.0,0.0,7.0,375.0,856.6,966.7,101.4,31.9,0.0,0.0
gujarat,valsad,2005,0.0,0.0,0.0,0.0,0.0,1186.0,501.9,465.7,627.6,11.9,0.0,0.0
gujarat,valsad,2006,0.0,0.0,0.0,0.0,0.0,316.3,1029.8,663.5,185.4,35.0,6.8,0.0
gujarat,valsad,2007,0.0,0.0,0.0,0.0,0.0,271.8,724.3,742.7,448.0,0.0,9.7,0.0
gujarat,valsad,2008,0.0,0.0,0.0,0.0,0.0,225.1,755.1,892.2,364.3,9.6,0.0,0.0
gujarat,valsad,2009,0.0,0.0,0.0,0.0,0.0,115.0,1181.0,204.6,234.0,96.3,31.0,0.0
gujarat,valsad,2010,0.0,0.0,0.0,0.0,0.0,202.4,735.5,720.1,502.0,47.1,28.3,0.0
haryana,hissar,2004,11.5,0.9,0.0,16.2,38.3,41.6,3.0,138.3,14.9,34.2,0.0,2.0
haryana,hissar,2005,21.4,49.1,46.1,23.6,4.8,43.6,146.3,12.8,117.1,0.0,9.0,0.0
haryana,hissar,2006,0.4,0.0,20.1,1.2,45.7,32.6,74.8,11.4,53.4,0.0,0.0,7.3
haryana,hissar,2007,0.0,89.5,52.7,5.4,52.1,124.0,45.6,82.1,39.4,0.0,0.7,4.3
haryana,hissar,2008,3.5,2.4,0.0,11.9,50.4,103.7,83.7,115.6,63.1,3.3,8.3,0.8
haryana,hissar,2009,7.8,8.0,3.8,12.8,20.1,20.4,51.3,11.5,125.3,0.0,0.0,0.2
haryana,hissar,2010,8.0,3.0,2.4,0.4,0.6,35.9,147.4,86.6,81.8,0.0,0.0,14.2
haryana,sonepat,2004,26.6,0.0,0.0,12.5,51.8,41.8,10.0,342.5,16.3,102.1,0.0,0.3
haryana,sonepat,2005,13.5,34.0,40.2,3.0,2.5,36.5,157.0,44.8,224.2,0.0,0.0,0.0
haryana,sonepat,2006,0.0,0.0,10.0,0.0,61.5,37.9,128.3,15.3,53.2,0.0,0.0,0.0
haryana,sonepat,2007,0.0,17.0,9.0,0.0,42.0,23.3,92.3,64.3,56.2,0.0,0.0,0.0
haryana,sonepat,2008,0.0,0.0,0.0,3.0,41.0,133.1,196.2,272.5,122.3,0.0,23.3,0.0
haryana,sonepat,2009,0.0,19.0,12.5,23.3,4.0,18.5,156.1,47.8,301.3,0.0,0.0,0.3
haryana,sonepat,2010,5.3,16.3,0.0,0.0,0.0,16.3,227.6,258.3,226.8,7.5,0.0,8.3
himachal pradesh,bilaspur,2004,148.6,12.8,0.0,25.4,55.0,93.7,219.4,348.6,52.5,125.0,0.0,19.0
himachal pradesh,bilaspur,2005,56.0,113.9,81.2,1.4,17.6,46.7,334.7,187.2,103.0,0.2,0.0,0.0
himachal pradesh,bilaspur,2006,53.9,1.7,86.3,27.2,82.2,75.6,403.1,366.4,204.7,20.8,7.9,18.2
himachal pradesh,bilaspur,2007,0.0,121.0,168.1,15.2,12.9,94.7,339.2,386.4,66.9,20.0,0.0,26.3
himachal pradesh,bilaspur,2008,25.1,37.0,0.8,37.1,36.2,248.2,295.9,385.3,207.0,25.2,0.4,0.5
himachal pradesh,bilaspur,2009,12.0,14.1,41.6,39.2,16.5,28.1,347.4,276.9,229.1,13.2,11.0,0.0
himachal pradesh,bilaspur,2010,10.1,41.2,1.6,2.7,56.4,157.4,314.3,205.0,180.0,18.0,9.4,73.6
himachal pradesh,kulu,2004,141.8,43.0,0.0,61.3,105.2,34.4,116.2,201.4,14.0,166.5,1.1,27.8
himachal pradesh,kulu,2005,80.7,142.2,162.7,24.9,96.6,76.3,294.6,49.3,114.2,0.7,0.0,0.0
himachal pradesh,kulu,2006,123.0,56.8,84.8,63.6,47.0,53.6,157.6,124.2,90.3,12.1,19.9,40.2
himachal pradesh,kulu,2007,0.0,173.5,203.0,18.1,94.5,38.7,121.0,125.4,39.2,18.2,0.0,19.8
himachal pradesh,kulu,2008,181.5,55.4,6.3,83.0,89.1,181.9,251.1,287.7,216.1,35.0,1.8,57.1
himachal pradesh,kulu,2009,109.9,105.3,51.2,83.5,78.8,43.3,160.5,161.3,211.9,12.4,136.4,24.2
himachal pradesh,kulu,2010,21.8,177.7,103.8,70.1,102.5,198.4,292.8,408.7,234.9,50.9,15.7,69.2
himachal pradesh,simla,2004,99.2,32.2,0.0,47.4,56.1,86.0,75.4,252.0,31.6,91.5,1.5,6.3
himachal pradesh,simla,2005,76.5,144.5,89.7,33.6,22.4,99.4,375.7,69.9,132.0,0.5,0.7,0.0
himachal pradesh,simla,2006,75.3,12.9,98.9,45.9,95.4,157.9,299.0,280.5,62.4,20.0,16.9,35.5
himachal pradesh,simla,2007,0.0,128.2,155.2,12.7,49.5,68.3,145.2,228.9,45.1,20.3,0.0,31.3
himachal pradesh,simla,2008,92.9,44.5,2.1,39.5,102.9,248.0,148.1,284.2,243.7,12.9,6.1,12.7
himachal pradesh,simla,2009,14.8,19.0,39.0,36.2,42.0,39.5,127.3,110.2,270.3,7.8,18.0,2.6
himachal pradesh,simla,2010,17.1,87.7,9.3,20.7,49.8,155.0,303.5,280.4,261.6,26.5,8.3,52.8
himachal pradesh,sirmur,2004,98.5,6.0,0.0,31.7,55.5,147.7,150.2,542.9,77.6,97.5,2.7,3.7
himachal pradesh,sirmur,2005,63.5,96.9,87.7,3.3,29.4,105.6,477.0,127.5,323.0,0.0,0.0,0.0
himachal pradesh,sirmur,2006,42.7,1.3,125.4,6.4,104.6,123.4,538.4,322.0,64.4,20.0,10.8,18.8
himachal pradesh,sirmur,2007,0.0,179.7,166.0,15.2,24.8,186.9,199.6,399.0,80.8,13.3,0.0,11.0
himachal pradesh,sirmur,2008,29.4,33.1,0.0,41.9,64.0,320.6,305.7,366.0,255.1,5.3,1.0,0.0
himachal pradesh,sirmur,2009,1.3,24.1,24.9,16.6,37.1,40.7,313.3,112.7,365.1,26.3,12.8,0.0
himachal pradesh,sirmur,2010,8.1,31.4,1.2,4.4,24.6,90.3,566.7,509.5,597.1,13.4,12.3,44.9
jammu and kashmir,anantnag,2004,125.1,78.3,13.3,145.8,65.9,75.6,52.7,65.6,28.5,81.1,27.8,17.0
jammu and kashmir,anantnag,2005,178.1,379.6,148.3,93.1,100.2,39.1,127.2,30.8,31.6,16.8,29.4,1.1
jammu and kashmir,anantnag,2006,204.0,93.5,108.0,58.7,31.1,68.6,120.2,141.6,151.8,34.5,61.8,133.8
jammu and kashmir,anantnag,2007,24.6,65.5,281.1,7.8,60.5,82.6,59.1,87.0,44.2,0.3,0.0,55.5
jammu and kashmir,anantnag,2008,139.7,155.0,15.9,84.4,101.5,72.2,62.2,73.1,66.0,37.7,31.2,112.5
jammu and kashmir,anantnag,2009,166.1,128.2,76.5,107.7,82.9,92.7,78.4,47.2,43.9,5.6,67.4,27.9
jammu and kashmir,anantnag,2010,53.9,110.0,65.2,142.9,266.9,100.1,91.2,107.2,87.7,62.6,25.6,57.2
jammu and kashmir,ladakh (leh),2004,0.4,0.0,0.3,0.5,0.0,1.3,0.0,2.4,0.0,1.1,1.5,0.0
jammu and kashmir,ladakh (leh),2005,4.3,3.5,0.5,5.4,0.1,0.2,4.7,0.0,0.0,0.0,0.0,0.0
jammu and kashmir,ladakh (leh),2006,14.2,0.0,0.0,3.0,0.4,104.9,94.2,151.5,134.7,43.9,146.8,157.6
jammu and kashmir,ladakh (leh),2007,0.0,1.0,0.0,0.0,0.5,0.6,9.5,0.2,0.5,0.0,0.0,0.0
jammu and kashmir,ladakh (leh),2008,2.5,1.4,0.0,2.3,2.1,0.0,7.0,12.4,5.1,0.0,0.0,0.0
jammu and kashmir,ladakh (leh),2009,10.1,0.0,0.3,0.0,3.2,0.2,1.9,0.5,1.9,0.0,5.8,4.6
jammu and kashmir,ladakh (leh),2010,0.9,6.3,0.9,9.7,16.4,4.2,3.4,9.6,1.0,0.4,0.0,7.1
jammu and kashmir,north baramula,2004,163.1,82.6,27.7,206.8,152.0,96.6,57.7,51.6,22.2,89.4,46.0,60.4
jammu and kashmir,north baramula,2005,140.7,262.6,218.1,105.9,206.8,22.0,108.5,25.0,52.9,45.2,56.1,1.7
jammu and kashmir,north baramula,2006,361.9,179.5,124.0,101.8,58.9,69.8,154.6,158.6,251.8,52.7,83.5,205.0
jammu and kashmir,north baramula,2007,32.6,197.8,245.9,43.9,115.7,108.5,58.9,50.0,18.7,0.0,0.0,48.6
jammu and kashmir,north baramula,2008,277.5,146.6,12.4,128.0,91.2,97.2,56.1,82.4,50.0,62.4,49.0,150.4
jammu and kashmir,north baramula,2009,125.6,148.9,75.9,121.6,108.0,126.1,71.6,17.4,48.8,7.4,50.8,31.0
jammu and kashmir,north baramula,2010,32.0,239.5,61.9,147.8,311.9,129.3,200.6,121.8,32.2,25.2,0.8,29.2
jharkhand,palamau,2004,8.0,1.2,0.0,18.1,0.2,96.1,144.9,280.9,138.3,68.9,,0.3
jharkhand,palamau,2005,15.3,51.3,21.2,6.0,2.5,132.0,170.4,291.8,91.6,4.9,0.0,3.7
jharkhand,palamau,2006,0.0,0.0,40.2,9.9,75.6,185.2,397.5,253.9,168.5,9.0,1.4,
jharkhand,palamau,2007,0.0,125.9,15.3,3.1,24.4,112.4,272.0,340.5,259.9,2.5,0.0,0.0
jharkhand,palamau,2008,2.0,8.1,21.3,12.2,19.1,346.6,239.6,306.2,47.1,4.8,0.3,0.0
jharkhand,palamau,2009,6.3,0.0,3.0,0.3,14.2,54.1,279.5,137.9,231.4,81.0,12.9,4.2
jharkhand,palamau,2010,0.0,2.6,0.0,0.0,19.2,50.5,158.3,141.5,148.7,22.9,5.4,25.9
karnataka,bagalkote,2004,1.8,0.0,0.0,11.6,103.9,123.9,75.2,32.8,142.9,57.4,0.6,0.0
karnataka,bagalkote,2005,0.8,0.2,2.5,44.7,49.7,68.1,117.6,71.1,76.9,124.3,0.1,0.0
karnataka,bagalkote,2006,0.0,0.0,9.1,9.5,85.9,98.1,29.7,22.4,122.3,37.5,13.9,0.0
karnataka,bagalkote,2007,0.0,0.0,0.2,3.0,52.9,195.4,43.5,108.7,267.3,38.6,4.2,0.1
karnataka,bagalkote,2008,0.0,16.7,94.2,10.3,37.5,46.5,28.3,60.2,135.4,60.3,27.2,0.3
karnataka,bagalkote,2009,0.0,0.0,2.9,14.8,66.3,119.0,41.7,107.3,195.6,220.1,28.8,31.2
karnataka,bagalkote,2010,13.4,0.1,0.0,10.6,57.4,109.7,89.6,149.3,64.2,58.3,83.2,0.4
karnataka,bangalore urban,2004,5.4,1.2,5.5,47.5,205.3,75.7,210.4,65.2,186.9,197.3,25.7,0.0
karnataka,bangalore urban,2005,1.6,4.4,13.4,75.1,115.7,127.9,136.4,194.0,173.5,446.0,56.5,6.3
karnataka,bangalore urban,2006,0.3,0.0,62.7,25.2,133.9,190.5,53.6,44.2,31.5,48.9,48.0,0.3
karnataka,bangalore urban,2007,0.0,0.2,0.0,104.9,79.5,57.2,154.0,146.5,223.7,163.0,21.1,34.5
karnataka,bangalore urban,2008,0.1,9.9,115.4,30.4,87.1,59.2,182.5,247.4,105.6,210.9,47.6,0.3
karnataka,bangalore urban,2009,0.1,0.0,15.2,63.9,123.8,125.4,30.2,162.2,335.3,35.2,66.8,17.5
karnataka,bangalore urban,2010,5.4,0.0,17.4,97.5,123.9,67.3,112.3,121.1,149.9,95.8,166.8,2.7
karnataka,belgam,2004,0.2,0.2,0.1,29.3,89.7,203.5,81.8,194.1,138.1,68.0,6.7,0.0
karnataka,belgam,2005,0.4,0.2,0.0,59.7,41.8,217.4,334.2,190.3,225.2,120.1,5.2,0.3
karnataka,belgam,2006,0.0,0.0,9.5,5.4,108.3,189.1,282.2,210.7,130.9,38.9,41.0,0.0
karnataka,belgam,2007,0.0,0.0,0.1,21.7,23.7,275.9,220.2,189.6,165.7,26.1,21.9,0.0
karnataka,belgam,2008,0.0,2.6,102.2,26.1,11.0,127.0,79.1,187.2,178.6,56.2,31.3,0.0
karnataka,belgam,2009,0.0,0.0,7.8,12.6,85.3,113.7,391.3,185.1,220.9,199.5,63.5,1.6
karnataka,belgam,2010,8.9,0.7,0.4,23.6,17.4,185.5,240.7,165.3,150.9,115.4,97.8,0.8
karnataka,chikmagalur,2004,0.0,0.0,8.5,63.8,227.9,470.3,307.8,502.4,105.0,73.9,37.7,0.0
karnataka,chikmagalur,2005,9.9,5.3,2.8,144.0,84.9,299.5,827.7,522.9,206.9,241.3,25.7,1.2
karnataka,chikmagalur,2006,1.6,0.0,38.0,23.1,189.9,389.9,695.9,516.7,233.6,57.5,134.6,1.4
karnataka,chikmagalur,2007,0.0,0.2,1.4,30.8,86.7,525.3,734.9,623.5,400.0,214.5,15.2,6.1
karnataka,chikmagalur,2008,0.0,40.7,195.1,31.8,49.2,402.5,480.8,629.3,230.2,103.3,17.3,2.2
karnataka,chikmagalur,2009,0.0,0.0,85.5,31.0,104.5,170.4,992.1,208.9,339.8,173.0,93.4,59.1
karnataka,chikmagalur,2010,10.5,0.0,19.6,110.2,114.9,278.3,552.1,473.0,334.7,201.1,221.2,4.2
karnataka,dakshin kannada,2004,0.1,0.5,12.5,45.0,515.4,864.9,804.2,843.4,158.5,175.7,119.4,0.0
karnataka,dakshin kannada,2005,0.0,0.0,0.0,111.2,75.2,946.2,1129.8,686.3,418.6,207.8,63.8,13.9
karnataka,dakshin kannada,2006,0.9,0.0,5.6,11.5,577.2,850.8,1043.1,714.0,474.4,293.9,157.2,0.0
karnataka,dakshin kannada,2007,0.0,0.2,0.2,32.2,93.2,1058.9,994.5,834.1,777.1,222.3,62.9,0.4
karnataka,dakshin kannada,2008,0.0,13.8,316.2,35.9,93.0,999.0,730.4,721.4,320.6,160.3,23.7,26.6
karnataka,dakshin kannada,2009,0.0,0.0,31.8,29.9,182.2,500.7,1669.3,616.6,580.5,204.9,195.8,64.5
karnataka,dakshin kannada,2010,15.5,0.0,4.7,81.5,129.5,843.7,1287.0,763.6,531.7,422.2,330.4,18.0
karnataka,davangere,2004,0.0,0.0,1.1,34.9,129.0,62.2,93.7,91.5,107.2,45.5,6.3,0.0
karnataka,davangere,2005,4.7,0.0,0.0,81.6,45.2,81.9,299.7,124.2,91.7,124.8,28.3,0.3
karnataka,davangere,2006,0.0,0.0,12.9,29.9,107.5,82.0,88.1,49.3,83.9,35.7,90.2,0.0
karnataka,davangere,2007,0.0,0.0,4.6,5.3,36.3,113.4,97.2,123.3,164.5,177.9,6.5,0.7
karnataka,davangere,2008,0.0,1.0,90.2,28.2,90.0,61.8,60.2,116.0,94.2,82.0,34.6,0.4
karnataka,davangere,2009,0.0,0.0,31.7,20.3,130.8,99.0,137.3,160.9,220.4,117.4,39.4,58.2
karnataka,davangere,2010,17.7,0.0,5.2,58.4,61.0,77.4,130.5,193.2,139.5,142.9,218.5,0.0
karnataka,udupi,nan,,,,,,,,,,,,
karnataka,udupi,2004,0.0,0.0,0.0,3.3,528.4,1116.3,1088.3,949.8,172.8,139.6,87.8,0.0
karnataka,udupi,2005,1.7,0.0,0.0,75.2,60.1,1050.7,1260.0,804.4,473.8,172.3,57.8,3.3
karnataka,udupi,2006,1.5,0.0,0.7,0.5,468.6,1003.1,1223.5,967.6,589.2,239.5,162.7,0.5
karnataka,udupi,2007,0.0,0.0,0.0,27.7,94.2,1312.9,1103.1,1116.2,902.2,238.5,60.2,1.2
karnataka,udupi,2008,0.0,13.5,269.3,30.7,55.7,1173.8,712.6,831.2,537.6,160.1,20.8,7.3
karnataka,udupi,2009,0.0,0.0,27.6,13.9,103.3,659.3,2281.5,713.6,743.0,318.4,163.0,27.6
karnataka,udupi,2010,14.6,0.0,0.0,65.6,86.1,989.6,1515.4,911.0,633.0,492.1,221.7,21.0
karnataka,uttar kannada,2004,0.6,0.1,0.0,14.5,271.1,665.5,490.6,724.0,157.5,82.3,32.3,0.0
karnataka,uttar kannada,2005,1.1,0.2,0.0,75.8,32.7,669.5,1079.6,493.1,355.8,143.8,6.0,0.1
karnataka,uttar kannada,2006,0.0,0.0,8.3,0.6,319.7,708.9,967.5,784.4,407.6,217.7,50.8,0.0
karnataka,uttar kannada,2007,0.0,0.1,1.9,27.8,62.9,949.7,810.5,935.8,549.6,124.4,28.4,0.4
karnataka,uttar kannada,2008,0.0,5.3,95.3,11.9,40.0,697.5,545.6,831.9,311.7,51.9,8.4,1.5
karnataka,uttar kannada,2009,0.0,0.0,27.6,16.4,83.1,428.0,1412.6,365.7,503.2,267.1,113.0,12.6
karnataka,uttar kannada,2010,8.9,0.0,1.7,48.9,74.4,625.0,1206.2,555.2,497.0,261.8,195.0,6.3
kerala,alapuzha,2004,2.9,1.0,50.1,97.9,685.1,502.2,351.4,310.8,216.2,414.5,164.4,0.0
kerala,alapuzha,2005,18.9,11.8,39.2,248.9,177.4,552.1,521.7,114.2,344.1,276.8,197.3,96.4
kerala,alapuzha,2006,11.7,0.0,58.4,73.6,495.3,481.5,442.6,332.4,400.2,450.8,268.1,6.0
kerala,alapuzha,2007,0.0,30.5,2.2,139.7,284.2,597.3,780.2,368.3,417.6,306.8,173.4,6.4
kerala,alapuzha,2008,0.0,88.2,175.5,166.3,127.8,366.5,660.7,189.4,332.6,313.7,122.3,41.9
kerala,alapuzha,2009,1.7,4.4,45.3,131.9,256.4,559.8,503.3,164.0,250.3,210.9,318.5,54.6
kerala,alapuzha,2010,16.6,2.2,92.7,161.6,322.0,529.3,474.6,255.9,242.3,555.1,309.3,96.8
kerala,cannur,2004,0.0,0.0,20.9,48.8,772.3,1033.6,463.1,565.8,129.4,260.6,128.1,0.0
kerala,cannur,2005,9.9,0.0,0.0,66.7,20.4,733.1,850.2,267.0,290.3,178.8,213.3,13.0
kerala,cannur,2006,0.0,0.0,16.2,4.5,567.7,735.4,674.7,491.2,569.9,266.8,97.6,2.3
kerala,cannur,2007,0.1,0.2,0.0,45.4,213.7,949.8,1115.9,783.8,595.6,315.1,72.3,0.2
kerala,cannur,2008,0.0,0.6,250.2,23.7,56.6,725.8,483.6,480.3,396.4,392.5,3.0,9.8
kerala,cannur,2009,0.0,0.0,9.3,97.2,169.6,625.3,1456.6,299.5,320.5,200.3,306.8,48.7
kerala,cannur,2010,19.1,0.0,9.4,65.3,137.0,843.9,959.6,511.0,269.3,342.3,338.1,2.3
kerala,ernakulam,nan,,,,,,,,,,,,
kerala,ernakulam,2004,2.5,8.4,36.9,87.0,711.6,650.0,424.4,424.6,215.1,507.2,135.8,0.0
kerala,ernakulam,2005,52.1,1.2,8.2,237.2,121.9,840.5,820.2,355.3,472.8,279.0,193.1,20.4
kerala,ernakulam,2006,12.7,0.0,62.0,42.9,622.5,654.0,583.9,498.4,505.6,478.4,394.5,3.1
kerala,ernakulam,2007,1.9,1.4,9.2,146.5,193.5,815.0,1132.8,480.1,667.3,522.1,66.1,9.8
kerala,ernakulam,2008,3.0,30.8,319.6,129.1,137.7,455.1,539.0,326.2,555.1,304.3,37.4,36.9
kerala,ernakulam,2009,10.4,0.0,45.8,89.5,315.7,615.1,838.8,312.2,497.4,176.6,290.0,70.1
kerala,ernakulam,2010,9.8,0.0,30.5,233.8,239.9,849.9,690.5,356.5,456.9,624.7,517.5,63.2
kerala,kasargode,2004,0.0,0.0,3.3,48.0,734.0,775.3,527.2,607.1,97.5,224.2,130.8,0.0
kerala,kasargode,2005,0.0,3.4,0.0,50.7,47.4,950.4,634.0,306.8,326.3,133.9,58.0,10.2
kerala,kasargode,2006,0.0,0.0,0.0,1.0,659.0,869.0,624.1,428.0,533.5,220.2,109.8,0.0
kerala,kasargode,2007,0.0,0.0,0.0,11.8,199.3,1268.3,735.5,787.2,631.4,169.0,53.5,0.0
kerala,kasargode,2008,0.0,2.6,295.0,133.4,63.2,1004.7,672.9,528.3,403.5,158.4,49.0,8.9
kerala,kasargode,2009,0.0,0.0,16.0,16.4,152.0,560.6,1238.2,446.0,330.9,76.7,294.2,9.8
kerala,kasargode,2010,7.3,0.0,0.1,35.2,78.5,1034.0,1276.2,681.1,357.1,283.6,241.6,17.3
kerala,kollam,nan,,,,,,,,,,,,
kerala,kollam,2004,2.3,56.6,47.9,151.8,613.8,405.9,303.3,207.1,211.6,281.2,161.1,4.1
kerala,kollam,2005,26.2,17.3,31.0,264.9,213.4,391.5,463.6,104.3,184.4,240.0,298.8,192.7
kerala,kollam,2006,29.6,9.4,148.8,96.2,367.8,306.5,377.3,254.3,382.9,575.1,306.2,5.2
kerala,kollam,2007,0.0,11.7,39.7,194.2,161.3,499.0,574.1,263.1,408.1,445.0,128.8,26.0
kerala,kollam,2008,0.0,41.0,224.9,137.6,120.8,207.1,454.8,265.1,247.0,360.8,122.7,25.6
kerala,kollam,2009,2.2,3.0,105.7,121.9,136.4,272.3,369.7,185.5,272.6,325.9,317.0,15.7
kerala,kollam,2010,11.5,0.0,59.1,221.1,203.5,357.0,362.3,304.8,258.3,527.8,388.4,95.0
kerala,kottayam,nan,,,,,,,,,,,,
kerala,kottayam,2004,11.8,10.0,89.0,183.7,720.5,465.8,377.8,301.6,234.9,408.3,108.8,1.1
kerala,kottayam,2005,21.1,8.8,73.8,273.3,175.2,662.6,672.9,277.6,460.8,390.0,297.3,72.1
kerala,kottayam,2006,15.1,0.0,114.7,200.5,553.4,525.1,605.1,407.8,453.3,509.8,367.8,2.6
kerala,kottayam,2007,0.0,24.0,6.0,245.4,250.0,637.2,921.1,326.4,521.6,378.9,147.9,9.5
kerala,kottayam,2008,0.0,49.4,253.7,202.8,50.4,341.6,555.4,268.6,370.5,284.0,103.8,53.6
kerala,kottayam,2009,7.5,1.8,78.6,69.9,204.9,460.0,553.1,225.6,280.8,188.6,278.7,86.4
kerala,kottayam,2010,9.6,1.4,96.7,201.5,354.1,664.7,568.9,294.4,366.9,559.4,456.0,97.9
kerala,kozhikode,nan,,,,,,,,,,,,
kerala,kozhikode,2004,0.9,0.1,1.0,84.9,732.7,935.0,388.0,467.1,279.3,349.2,110.1,0.1
kerala,kozhikode,2005,16.8,5.1,0.0,57.3,47.5,603.4,681.0,234.8,307.6,221.3,161.9,10.4
kerala,kozhikode,2006,6.0,0.0,12.1,10.3,608.5,937.0,629.5,506.8,555.4,295.6,97.4,0.0
kerala,kozhikode,2007,0.0,0.1,4.1,137.5,424.8,952.7,1212.4,723.1,699.1,438.8,108.8,0.0
kerala,kozhikode,2008,0.0,1.8,267.8,134.4,69.6,821.1,577.8,343.1,478.6,614.0,14.0,6.1
kerala,kozhikode,2009,0.0,0.0,43.5,63.1,179.1,608.4,1817.5,301.1,335.4,321.3,335.1,22.7
kerala,kozhikode,2010,7.1,0.3,0.0,143.3,249.9,1094.5,897.8,368.9,323.1,495.1,280.0,13.9
kerala,malapuram,2004,0.0,0.0,0.4,126.6,552.1,674.8,331.4,379.3,153.4,320.8,87.4,0.0
kerala,malapuram,2005,17.6,0.2,0.0,123.7,96.5,580.1,732.8,251.8,369.4,278.2,166.3,15.4
kerala,malapuram,2006,0.0,0.0,75.1,22.0,541.7,665.9,546.3,407.9,617.0,332.9,198.9,0.0
kerala,malapuram,2007,0.1,0.0,9.5,69.5,192.1,695.1,1223.8,436.3,560.7,279.6,74.5,2.5
kerala,malapuram,2008,0.0,17.6,207.2,32.5,115.0,536.1,371.0,219.0,281.8,347.8,16.6,0.2
kerala,malapuram,2009,0.0,0.0,19.8,46.4,143.3,337.9,993.2,243.1,256.9,200.1,257.5,12.5
kerala,malapuram,2010,1.4,0.0,0.5,92.7,118.9,654.5,522.9,302.9,236.0,408.2,252.3,20.0
kerala,palakked,2004,1.0,2.6,28.8,80.9,389.4,590.4,331.9,401.7,95.1,217.5,86.0,0.0
kerala,palakked,2005,13.7,8.4,12.6,223.7,82.8,515.6,811.7,284.2,360.2,170.8,107.4,56.8
kerala,palakked,2006,4.7,0.0,82.6,64.9,391.7,501.7,457.7,348.4,414.2,244.8,148.0,0.0
kerala,palakked,2007,1.2,0.2,0.0,103.9,158.9,625.4,1032.6,478.0,507.3,310.3,32.6,19.2
kerala,palakked,2008,0.0,26.6,153.9,28.6,41.2,445.6,359.0,214.1,241.9,364.1,8.6,0.1
kerala,palakked,2009,0.0,0.0,81.3,58.0,138.8,282.0,985.0,262.3,250.6,176.1,248.7,14.8
kerala,palakked,2010,1.9,0.0,10.8,130.8,109.1,545.3,508.4,267.2,180.0,401.2,279.8,24.0
kerala,pathanamthitta,nan,,,,,,,,,,,,
kerala,pathanamthitta,2004,14.1,12.5,123.3,159.6,723.6,549.8,270.6,274.3,257.5,373.6,169.2,4.0
kerala,pathanamthitta,2005,20.0,0.9,77.3,358.8,278.5,651.8,670.2,154.9,421.3,219.9,404.7,90.9
kerala,pathanamthitta,2006,16.3,0.0,148.3,135.6,488.7,452.0,476.0,271.3,320.9,480.4,253.7,0.0
kerala,pathanamthitta,2007,0.0,10.0,24.5,261.6,156.8,632.8,755.2,325.6,444.1,456.2,176.5,8.1
kerala,pathanamthitta,2008,0.0,65.3,157.7,198.4,61.5,287.0,644.1,346.1,368.2,345.9,142.9,40.7
kerala,pathanamthitta,2009,5.5,12.0,105.7,115.4,156.8,378.0,454.0,227.4,290.3,222.7,299.9,34.9
kerala,pathanamthitta,2010,31.0,0.7,66.3,210.0,268.2,502.5,432.5,402.2,259.4,454.9,526.4,89.1
kerala,thiruvananthapuram,nan,,,,,,,,,,,,
kerala,thiruvananthapuram,2004,0.0,7.3,31.4,141.1,429.7,298.5,266.7,108.0,218.7,225.4,169.0,14.8
kerala,thiruvananthapuram,2005,4.9,9.2,27.9,354.9,204.0,265.1,266.7,50.5,184.5,269.5,328.8,166.8
kerala,thiruvananthapuram,2006,18.9,0.0,73.7,81.4,289.7,239.1,190.2,122.6,473.9,521.4,296.7,13.9
kerala,thiruvananthapuram,2007,0.3,1.7,3.7,213.3,167.2,348.7,306.6,177.2,279.1,327.8,213.8,11.7
kerala,thiruvananthapuram,2008,0.0,24.6,276.0,158.3,89.8,116.3,286.0,180.6,202.6,363.9,195.2,38.2
kerala,thiruvananthapuram,2009,5.0,0.0,60.0,44.6,206.9,183.3,204.2,87.3,183.4,119.4,346.3,42.5
kerala,thiruvananthapuram,2010,108.3,0.0,73.1,109.4,216.7,237.0,234.9,118.7,114.1,414.3,326.0,188.3
kerala,thrissur,nan,,,,,,,,,,,,
kerala,thrissur,2004,0.0,0.6,16.9,73.9,596.1,752.3,362.3,399.8,157.3,450.5,118.0,0.0
kerala,thrissur,2005,8.9,3.1,0.4,182.3,84.4,748.2,759.0,343.0,462.9,170.5,91.3,3.0
kerala,thrissur,2006,0.8,0.0,45.9,60.6,617.5,644.0,553.6,516.6,588.9,371.6,176.5,0.7
kerala,thrissur,2007,0.0,0.0,0.0,100.1,240.8,783.2,1170.2,533.3,660.3,413.3,48.6,4.5
kerala,thrissur,2008,0.0,21.0,218.1,45.7,59.8,523.4,437.7,260.2,345.5,384.7,9.0,5.0
kerala,thrissur,2009,0.0,0.0,49.4,53.9,289.4,586.1,972.1,385.1,361.4,156.9,206.3,29.7
kerala,thrissur,2010,18.4,0.0,9.3,74.7,197.4,775.8,601.5,236.6,308.0,539.6,332.6,20.5
kerala,wynad,2004,1.5,3.8,28.8,149.1,404.5,791.2,321.7,551.6,144.6,163.8,72.7,0.0
kerala,wynad,2005,56.4,2.7,26.7,167.8,103.9,507.3,1178.4,450.9,348.9,288.1,72.3,8.4
kerala,wynad,2006,10.0,0.0,67.4,64.0,361.5,443.2,691.2,382.4,314.6,133.0,118.9,0.0
kerala,wynad,2007,0.3,9.5,1.3,134.4,113.8,501.1,1147.2,590.7,385.0,172.9,29.1,7.5
kerala,wynad,2008,0.0,19.2,166.3,89.4,102.0,312.5,416.7,413.8,159.3,450.7,11.8,0.7
kerala,wynad,2009,0.0,0.0,95.7,47.1,123.9,309.8,1256.1,185.4,240.3,183.0,203.6,77.6
kerala,wynad,2010,37.0,14.1,13.1,131.3,124.4,378.2,494.8,292.8,163.5,170.7,218.0,4.4
lakshadweep,lakshadweep,nan,,,,,,,,,,,,
lakshadweep,lakshadweep,2004,7.2,1.5,1.9,7.6,874.0,251.3,280.9,169.4,200.0,193.3,107.5,2.2
lakshadweep,lakshadweep,2005,17.6,11.0,0.0,37.1,92.7,248.8,381.9,102.4,277.9,164.2,218.1,27.3
lakshadweep,lakshadweep,2006,23.1,0.0,44.0,0.3,411.3,286.5,172.6,150.7,318.2,119.2,158.7,10.8
lakshadweep,lakshadweep,2007,9.8,4.7,0.0,16.9,147.3,555.6,298.3,267.2,346.0,213.6,52.1,126.4
lakshadweep,lakshadweep,2008,5.5,19.9,120.4,15.7,180.4,254.5,364.0,206.5,108.9,253.0,67.5,130.1
lakshadweep,lakshadweep,2009,4.7,1.4,0.1,18.2,162.0,401.6,266.4,185.0,144.9,89.2,166.4,132.6
lakshadweep,lakshadweep,2010,18.8,0.0,1.2,35.7,79.1,320.2,338.4,333.4,162.9,152.8,201.4,81.5
madhya pradesh,chindwara,2004,12.5,0.0,0.0,0.0,10.2,107.3,132.9,185.8,54.3,29.4,42.1,0.0
madhya pradesh,chindwara,2005,30.0,0.0,39.4,2.4,3.6,191.9,458.5,168.9,271.4,45.9,0.0,0.0
madhya pradesh,chindwara,2006,0.0,0.0,133.6,0.0,2.0,33.4,372.2,425.5,106.1,2.8,17.9,0.0
madhya pradesh,chindwara,2007,0.0,0.0,0.0,3.1,9.7,132.1,334.0,168.5,262.0,0.0,18.1,0.0
madhya pradesh,chindwara,2008,0.0,12.8,27.4,8.8,0.8,110.6,127.8,165.7,194.8,19.3,0.0,0.0
madhya pradesh,chindwara,2009,0.0,0.0,0.0,0.0,0.0,45.8,725.2,91.0,247.4,52.9,97.3,29.1
madhya pradesh,chindwara,2010,0.0,0.0,0.0,0.0,0.0,160.3,329.7,382.3,196.3,8.2,56.7,0.0
madhya pradesh,khandwa,2004,0.0,0.0,0.0,0.0,72.0,30.0,305.5,274.4,58.0,12.0,0.0,0.0
madhya pradesh,khandwa,2005,22.0,0.0,2.0,10.0,15.0,27.0,265.2,151.0,182.0,3.0,0.0,0.0
madhya pradesh,khandwa,2006,0.0,0.0,79.0,0.0,3.0,37.0,256.0,263.0,115.0,25.9,1.0,0.0
madhya pradesh,khandwa,2007,0.0,2.0,0.0,0.0,0.3,142.6,574.0,225.0,71.0,0.0,0.0,0.0
madhya pradesh,khandwa,2008,0.0,0.0,0.0,0.0,0.0,101.2,184.5,214.6,166.4,16.1,0.0,0.3
madhya pradesh,khandwa,2009,3.0,0.0,0.0,0.3,2.7,66.9,277.9,75.8,57.4,6.6,59.0,2.1
madhya pradesh,khandwa,2010,0.0,0.0,0.0,0.0,0.0,63.4,354.2,308.0,96.3,1.7,86.0,0.0
madhya pradesh,khargone,2004,0.0,0.0,0.0,0.0,35.0,64.3,199.0,349.0,35.1,77.1,0.0,0.0
madhya pradesh,khargone,2005,0.0,0.0,0.0,0.0,0.0,107.6,197.3,84.8,141.1,0.0,0.0,0.0
madhya pradesh,khargone,2006,0.0,0.0,33.1,0.0,3.5,134.7,316.3,358.2,191.8,2.1,0.0,0.2
madhya pradesh,khargone,2007,0.0,5.4,0.0,0.0,1.2,109.3,430.6,305.1,143.9,0.0,0.0,0.0
madhya pradesh,khargone,2008,0.0,0.0,9.3,0.0,0.5,58.9,146.5,70.2,158.0,0.0,29.5,0.0
madhya pradesh,khargone,2009,0.0,0.0,0.0,0.0,6.0,47.9,361.5,88.1,117.5,31.9,33.3,16.4
madhya pradesh,khargone,2010,0.0,0.0,0.0,0.0,0.0,47.5,180.4,314.7,138.1,14.5,55.0,0.0
madhya pradesh,narsinghpur,2004,47.1,0.0,0.0,0.0,1.0,442.8,146.4,350.6,148.3,17.2,3.0,0.0
madhya pradesh,narsinghpur,2005,45.0,12.4,23.5,2.2,0.2,101.2,1017.8,238.9,141.8,2.6,0.0,0.0
madhya pradesh,narsinghpur,2006,0.0,0.0,60.2,7.0,17.3,44.1,405.9,416.2,133.7,0.0,0.0,0.0
madhya pradesh,narsinghpur,2007,0.0,42.7,8.5,0.5,30.4,93.9,435.9,164.8,117.8,0.0,0.0,5.3
madhya pradesh,narsinghpur,2008,0.0,0.0,23.9,0.5,3.6,318.6,228.2,279.0,82.6,11.0,0.0,0.0
madhya pradesh,narsinghpur,2009,0.7,0.0,0.0,0.2,5.3,30.9,352.2,209.7,550.8,13.2,52.7,15.2
madhya pradesh,narsinghpur,2010,1.4,0.0,0.0,0.0,0.0,77.8,270.0,249.8,174.8,7.6,1.7,2.4
maharashtra,ahmednagar,2004,0.0,0.0,0.0,0.0,17.1,123.6,103.5,99.7,262.0,60.2,12.2,0.0
maharashtra,ahmednagar,2005,0.8,0.0,0.1,1.8,0.7,82.7,146.9,79.6,214.0,114.9,0.0,0.0
maharashtra,ahmednagar,2006,0.0,0.0,0.0,0.0,8.1,166.1,124.3,176.2,225.9,71.2,0.0,0.0
maharashtra,ahmednagar,2007,0.0,0.0,0.0,0.0,0.0,205.2,101.8,126.4,157.8,0.0,0.0,0.0
maharashtra,ahmednagar,2008,0.0,0.0,51.9,4.5,0.0,37.7,65.2,108.4,327.3,53.0,0.9,0.0
maharashtra,ahmednagar,2009,0.0,0.0,0.0,0.0,0.0,75.6,122.0,127.3,123.0,73.4,127.6,2.9
maharashtra,ahmednagar,2010,0.0,0.0,0.0,0.0,2.5,173.7,165.0,196.4,171.2,60.6,74.7,0.0
maharashtra,amraoti,2004,18.7,0.0,0.0,0.0,9.3,90.0,161.3,230.2,80.0,34.9,29.0,0.0
maharashtra,amraoti,2005,10.7,6.4,32.3,11.5,0.0,96.6,250.1,183.5,232.1,61.3,0.0,0.0
maharashtra,amraoti,2006,0.0,0.0,118.8,23.4,23.0,66.7,260.8,327.6,138.1,43.9,4.7,0.0
maharashtra,amraoti,2007,0.0,4.2,13.4,3.6,16.0,214.3,357.8,261.3,227.1,0.0,0.0,0.0
maharashtra,amraoti,2008,0.0,0.0,8.0,9.0,2.0,75.0,173.4,128.9,170.8,28.8,5.0,0.0
maharashtra,amraoti,2009,0.0,0.0,0.0,0.0,6.0,70.5,301.7,110.6,87.5,37.9,77.8,6.0
maharashtra,amraoti,2010,19.9,3.0,15.8,0.0,0.0,125.9,365.3,371.9,123.6,60.6,15.4,0.0
maharashtra,beed,2004,0.0,0.0,0.0,0.0,2.4,175.8,204.2,52.3,158.8,68.7,0.0,0.0
maharashtra,beed,2005,0.0,0.0,0.0,0.0,0.0,57.6,328.8,63.1,210.3,15.3,0.0,0.0
maharashtra,beed,2006,0.0,0.0,0.0,0.0,0.0,83.5,60.4,233.0,262.1,57.6,0.0,0.0
maharashtra,beed,2007,0.0,0.0,0.0,0.0,0.0,80.5,99.0,105.7,284.5,0.0,0.0,0.0
maharashtra,beed,2008,0.0,0.0,0.0,0.0,0.0,44.8,81.3,164.2,289.8,27.0,0.0,0.0
maharashtra,beed,2009,0.0,0.0,0.0,0.0,13.8,84.6,150.9,152.7,230.8,77.2,94.2,21.8
maharashtra,beed,2010,0.0,0.0,0.0,0.0,11.2,143.0,254.2,235.0,166.0,94.5,33.0,4.5
maharashtra,dhulie,2004,0.0,0.0,0.0,0.0,24.3,140.3,196.2,222.5,138.2,72.0,0.0,0.0
maharashtra,dhulie,2005,0.0,0.0,0.0,0.0,0.0,152.5,133.7,48.1,216.0,8.0,0.0,0.0
maharashtra,dhulie,2006,0.0,0.0,0.0,0.0,0.0,124.0,274.8,269.1,231.9,38.3,4.4,0.0
maharashtra,dhulie,2007,0.0,0.0,0.0,0.0,0.0,117.0,179.5,127.3,174.3,0.0,0.0,0.0
maharashtra,dhulie,2008,0.0,0.0,0.0,0.0,0.0,19.5,153.3,80.0,211.0,8.3,0.0,0.0
maharashtra,dhulie,2009,0.0,0.0,0.0,0.0,0.0,60.8,187.3,113.3,155.3,49.0,87.5,19.8
maharashtra,dhulie,2010,0.0,0.0,1.0,0.0,8.3,80.8,201.3,167.3,59.0,41.0,81.2,0.0
maharashtra,gondia,2004,31.1,25.6,0.0,8.0,11.9,190.4,280.2,279.0,79.1,11.7,0.0,0.0
maharashtra,gondia,2005,121.3,18.0,17.1,4.7,18.6,161.5,432.7,368.3,520.8,46.9,0.0,0.0
maharashtra,gondia,2006,0.0,0.0,36.9,69.3,16.8,116.4,468.9,722.1,87.4,0.0,2.8,0.0
maharashtra,gondia,2007,0.0,0.8,25.4,0.4,3.2,220.0,423.0,305.8,228.2,16.7,1.2,0.0
maharashtra,gondia,2008,0.0,27.6,52.2,0.0,0.0,231.3,292.8,388.7,116.7,6.6,0.0,0.0
maharashtra,gondia,2009,0.0,0.0,3.0,12.8,0.0,48.0,503.4,230.2,109.0,18.4,111.4,12.8
maharashtra,gondia,2010,16.4,15.9,19.0,0.0,0.0,159.8,586.1,314.1,356.2,36.6,4.6,0.0
maharashtra,mumbai,nan,,,,,,,,,,,,
maharashtra,mumbai,2004,0.0,0.0,0.0,0.0,49.5,281.9,812.3,862.6,172.7,45.6,2.5,0.0
maharashtra,mumbai,2005,0.5,0.0,0.1,0.0,0.2,561.8,1049.8,462.3,668.6,26.3,0.0,0.0
maharashtra,mumbai,2006,0.0,0.0,10.2,0.0,86.5,456.2,999.5,765.1,259.6,222.9,6.2,0.0
maharashtra,mumbai,2007,0.0,2.3,0.0,0.0,0.4,776.6,650.9,646.2,428.7,0.0,3.9,0.0
maharashtra,mumbai,2008,0.0,0.0,0.1,0.0,0.5,768.0,910.2,498.8,338.0,15.4,1.6,0.2
maharashtra,mumbai,2009,0.0,0.0,0.0,0.0,1.3,241.0,956.8,247.4,420.8,190.8,105.4,0.0
maharashtra,mumbai,2010,0.0,0.0,0.0,0.3,0.0,947.4,1112.7,860.7,272.9,122.4,55.7,0.0
maharashtra,nasik,2004,0.0,0.0,0.0,0.0,24.1,173.5,240.6,584.1,214.4,85.6,2.0,0.0
maharashtra,nasik,2005,0.5,0.0,0.0,2.2,3.3,388.3,395.4,260.8,394.4,45.8,0.0,0.0
maharashtra,nasik,2006,0.0,0.0,0.9,0.1,2.1,155.3,516.7,615.4,217.1,55.6,10.7,0.0
maharashtra,nasik,2007,0.0,0.0,0.0,2.8,0.1,270.3,349.5,330.7,237.3,0.0,5.0,0.0
maharashtra,nasik,2008,0.0,0.0,0.0,1.0,0.0,53.2,246.2,353.7,475.5,53.8,0.2,0.5
maharashtra,nasik,2009,0.0,0.0,1.3,0.2,14.6,45.5,371.4,123.1,113.6,73.2,174.7,2.7
maharashtra,nasik,2010,0.0,0.5,0.8,0.0,5.9,191.0,239.7,307.1,154.9,69.6,105.8,0.0
maharashtra,raigad,2004,0.0,0.0,0.0,0.0,4.0,521.0,1019.6,1335.3,320.5,26.0,2.0,0.0
maharashtra,raigad,2005,0.0,0.0,0.2,0.0,0.0,662.3,1541.8,947.0,775.7,48.7,0.0,0.0
maharashtra,raigad,2006,0.0,0.0,1.1,0.0,73.2,568.3,1427.0,1184.2,365.1,210.6,2.4,0.0
maharashtra,raigad,2007,0.0,0.0,0.0,5.1,0.1,1086.6,1024.3,1062.8,558.6,8.6,11.0,0.0
maharashtra,raigad,2008,0.0,0.0,0.0,0.0,0.0,815.4,912.9,965.5,542.2,86.2,0.4,0.6
maharashtra,raigad,2009,0.0,0.0,0.0,0.0,0.1,205.4,1185.3,287.5,349.3,228.9,203.3,0.0
maharashtra,raigad,2010,0.0,0.0,0.0,0.5,0.0,508.3,1372.6,946.0,520.2,131.0,95.9,0.0
maharashtra,ratnagiri,nan,,,,,,,,,,,,
maharashtra,ratnagiri,2004,0.0,0.0,0.0,0.0,27.9,848.7,1001.7,908.2,273.3,41.5,1.8,0.0
maharashtra,ratnagiri,2005,0.2,0.0,0.0,0.0,0.0,716.5,1352.6,873.8,597.9,93.6,0.0,0.0
maharashtra,ratnagiri,2006,0.0,0.0,0.8,0.0,310.9,790.5,1122.4,836.7,469.7,163.8,3.9,0.0
maharashtra,ratnagiri,2007,0.0,0.0,0.0,0.6,2.5,1254.1,880.1,1126.1,767.7,27.8,17.3,0.0
maharashtra,ratnagiri,2008,0.0,0.0,5.2,0.0,40.5,871.7,660.3,826.4,520.9,55.2,0.1,10.9
maharashtra,ratnagiri,2009,0.0,0.0,0.6,0.0,0.3,316.5,1350.7,402.6,512.5,291.2,101.4,0.0
maharashtra,ratnagiri,2010,0.0,0.0,0.0,0.6,0.0,845.3,1688.5,714.6,626.0,232.6,94.1,0.0
maharashtra,sholapur,2004,0.0,0.8,0.0,1.5,38.8,110.2,123.8,28.7,214.1,47.9,0.1,0.0
maharashtra,sholapur,2005,0.0,0.0,0.9,3.6,4.7,41.6,155.9,110.5,151.7,166.9,0.0,0.0
maharashtra,sholapur,2006,0.0,0.0,0.7,1.2,21.5,140.8,32.0,61.8,231.4,44.5,8.7,0.0
maharashtra,sholapur,2007,0.0,0.0,0.0,0.1,0.2,227.0,49.8,143.0,223.4,0.0,9.5,0.0
maharashtra,sholapur,2008,0.0,0.0,49.7,7.7,4.8,27.7,63.4,156.2,279.1,58.0,25.4,0.5
maharashtra,sholapur,2009,0.0,0.0,1.0,0.8,32.8,75.3,54.0,167.0,230.4,109.8,54.1,3.2
maharashtra,sholapur,2010,21.4,1.4,0.0,5.1,3.6,146.1,182.3,258.2,138.2,86.2,36.6,2.8
maharashtra,sindhudurg,nan,,,,,,,,,,,,
maharashtra,sindhudurg,2004,0.0,0.0,0.0,0.0,38.4,902.4,811.0,598.7,209.6,49.5,0.0,0.0
maharashtra,sindhudurg,2005,0.0,0.0,0.0,0.5,0.0,713.7,1128.7,561.2,518.7,54.0,0.0,0.0
maharashtra,sindhudurg,2006,0.0,0.0,0.0,0.0,313.5,544.4,651.3,559.0,484.4,272.5,0.0,0.0
maharashtra,sindhudurg,2007,0.0,0.0,0.0,1.8,55.5,858.5,651.0,846.6,553.6,88.3,46.9,0.0
maharashtra,sindhudurg,2008,0.0,0.0,47.3,0.0,0.0,808.3,619.8,898.5,645.1,32.6,0.0,7.3
maharashtra,sindhudurg,2009,0.0,0.0,0.0,0.0,21.3,669.6,1547.4,338.0,382.7,585.9,104.4,0.0
maharashtra,sindhudurg,2010,0.0,0.0,0.0,11.7,17.0,1061.9,1794.0,867.2,559.5,292.5,151.4,0.5
maharashtra,thane,nan,,,,,,,,,,,,
maharashtra,thane,2004,0.0,0.0,0.0,0.0,8.0,425.7,814.0,1452.6,194.7,34.8,0.0,0.0
maharashtra,thane,2005,0.0,0.0,0.0,0.0,0.0,706.5,1237.0,726.3,876.2,17.1,0.0,0.0
maharashtra,thane,2006,0.0,0.0,0.3,0.0,32.8,489.7,1153.7,1073.1,284.0,105.7,0.0,0.0
maharashtra,thane,2007,0.0,0.0,0.0,0.0,0.0,512.5,723.7,957.4,401.0,0.0,0.1,0.0
maharashtra,thane,2008,0.0,0.0,0.0,0.0,0.0,528.0,925.1,846.5,443.9,37.7,0.1,0.1
maharashtra,thane,2009,0.0,0.0,0.0,0.0,0.0,131.1,1290.5,176.2,203.2,189.2,62.9,0.0
maharashtra,thane,2010,0.0,0.0,1.4,0.0,0.0,380.4,1007.2,851.1,426.1,94.3,80.2,0.0
maharashtra,yeotmal,2004,36.7,0.0,0.0,0.0,69.0,139.6,233.1,173.9,73.0,29.2,35.7,0.0
maharashtra,yeotmal,2005,81.8,14.0,18.8,11.0,13.8,164.8,488.1,257.2,164.8,79.9,0.0,1.3
maharashtra,yeotmal,2006,0.0,0.0,57.6,14.0,27.9,112.0,351.7,403.8,205.3,106.8,10.9,0.0
maharashtra,yeotmal,2007,0.0,0.0,4.6,1.0,14.4,122.0,250.4,176.0,216.1,5.4,6.2,0.0
maharashtra,yeotmal,2008,0.0,0.0,72.4,7.2,5.2,83.4,178.1,196.5,130.6,31.1,0.0,0.0
maharashtra,yeotmal,2009,0.0,0.0,1.2,0.0,10.2,99.4,142.3,128.1,108.3,10.0,70.1,0.4
maharashtra,yeotmal,2010,25.3,15.0,10.3,0.0,0.0,120.7,391.8,367.4,132.5,57.5,81.2,0.0
orissa,angul,2004,7.2,14.5,26.5,69.2,59.9,131.9,396.5,390.4,123.1,96.6,0.0,0.0
orissa,angul,2005,25.8,1.2,30.7,10.8,49.5,303.7,685.5,192.0,223.6,246.6,3.9,0.1
orissa,angul,2006,0.0,0.0,20.0,15.6,97.7,122.7,303.4,598.1,183.8,18.0,20.9,0.0
orissa,angul,2007,0.2,14.7,3.9,28.4,43.1,234.8,258.5,214.5,402.3,29.0,5.7,0.0
orissa,angul,2008,53.0,6.2,10.8,36.1,30.2,413.8,294.6,311.7,379.9,10.4,1.1,0.0
orissa,angul,2009,0.0,0.0,1.2,0.0,54.0,69.4,645.0,320.3,109.0,112.9,30.8,0.0
orissa,angul,2010,1.7,0.2,19.9,2.5,96.0,109.8,216.7,221.9,194.9,76.8,7.2,35.5
orissa,balasore,2004,0.0,3.1,7.6,93.3,76.6,316.3,262.6,361.7,227.4,257.3,0.1,0.0
orissa,balasore,2005,14.8,6.5,81.1,64.1,113.5,199.4,340.2,237.5,535.5,509.9,0.0,2.5
orissa,balasore,2006,0.0,0.0,29.5,27.4,96.0,257.5,366.3,499.4,443.4,21.9,23.4,0.0
orissa,balasore,2007,5.3,90.8,17.7,37.1,106.2,285.2,471.6,582.3,536.1,59.6,36.4,0.0
orissa,balasore,2008,78.3,27.2,15.6,44.0,97.6,657.2,288.9,265.7,305.4,15.4,0.1,0.0
orissa,balasore,2009,0.0,0.0,16.1,3.6,207.1,74.5,387.5,275.0,297.6,201.0,24.5,0.0
orissa,balasore,2010,0.2,2.3,14.6,2.8,204.9,187.9,266.6,183.4,302.6,209.1,10.4,27.9
orissa,bodhgarh,2004,8.5,0.0,5.3,32.9,50.8,241.4,501.8,330.3,144.9,74.6,0.0,0.0
orissa,bodhgarh,2005,35.0,7.0,0.0,0.0,2.3,105.1,572.2,286.7,298.7,158.7,13.0,0.0
orissa,bodhgarh,2006,0.0,0.0,0.0,22.7,88.3,174.5,425.1,786.8,154.0,11.0,20.7,0.0
orissa,bodhgarh,2007,0.0,8.0,0.0,0.0,49.3,436.2,243.7,208.8,433.8,8.0,0.0,0.0
orissa,bodhgarh,2008,16.2,16.2,8.6,21.9,0.0,419.5,308.9,365.7,344.5,16.0,0.0,0.0
orissa,bodhgarh,2009,0.0,0.0,0.2,0.0,3.3,66.7,651.1,384.2,154.1,25.5,21.8,0.0
orissa,bodhgarh,2010,2.3,0.0,0.0,0.0,61.6,151.5,271.2,260.6,225.3,74.5,19.5,24.9
orissa,bolangir,2004,4.6,21.5,0.0,64.5,18.6,253.1,352.2,221.0,108.8,84.4,0.0,0.0
orissa,bolangir,2005,51.2,16.5,2.0,0.0,23.0,121.2,423.1,141.9,233.8,120.3,2.8,4.1
orissa,bolangir,2006,0.0,0.0,36.4,25.8,119.6,138.7,535.8,588.5,135.8,21.9,13.2,0.0
orissa,bolangir,2007,0.0,11.2,0.0,17.0,23.6,288.6,220.4,355.9,294.7,33.8,0.0,0.0
orissa,bolangir,2008,51.3,2.3,0.0,18.8,0.0,226.2,359.4,589.1,526.7,16.2,0.0,0.0
orissa,bolangir,2009,0.0,0.0,0.0,0.0,28.2,88.7,943.7,370.1,129.9,52.1,33.6,0.0
orissa,bolangir,2010,10.7,0.0,0.0,0.6,35.4,76.8,426.4,252.9,296.5,73.9,15.2,30.7
orissa,deogarh,2004,1.9,8.5,0.7,0.8,23.0,77.9,307.6,427.6,103.0,60.3,0.0,0.0
orissa,deogarh,2005,48.5,3.1,21.3,0.0,35.8,293.5,370.7,155.7,137.0,126.6,0.0,24.9
orissa,deogarh,2006,0.0,0.0,25.6,4.7,87.8,115.1,263.1,466.4,133.6,12.1,8.6,0.0
orissa,deogarh,2007,0.0,72.4,15.7,25.5,35.1,130.7,400.4,315.4,435.9,25.0,5.4,0.0
orissa,deogarh,2008,2.5,5.8,0.0,14.1,28.9,369.3,320.3,321.6,214.3,9.2,0.7,0.0
orissa,deogarh,2009,0.0,0.0,0.0,0.0,39.1,66.8,455.0,244.5,58.9,92.3,21.9,0.0
orissa,deogarh,2010,2.4,1.7,4.1,0.0,72.1,148.0,255.4,288.2,121.3,35.2,0.5,22.9
orissa,jagatsinghpur,2004,3.6,7.6,0.1,100.5,51.2,92.1,257.9,488.3,177.6,240.3,0.1,0.0
orissa,jagatsinghpur,2005,27.0,0.0,81.3,20.1,24.5,173.8,330.8,205.8,492.4,457.2,20.0,2.5
orissa,jagatsinghpur,2006,3.9,0.0,11.4,8.2,138.4,152.1,432.1,794.3,246.7,73.4,10.8,0.0
orissa,jagatsinghpur,2007,0.0,70.2,2.2,10.0,115.9,206.7,151.7,673.7,462.1,70.6,3.2,0.0
orissa,jagatsinghpur,2008,31.2,60.3,7.3,130.3,68.0,407.0,321.9,370.9,492.4,104.6,10.4,0.0
orissa,jagatsinghpur,2009,0.0,0.0,0.1,18.4,264.7,52.5,698.2,299.8,245.3,90.1,32.3,0.0
orissa,jagatsinghpur,2010,1.2,0.2,0.0,0.0,126.7,177.1,201.2,312.6,167.0,398.6,64.0,40.3
orissa,jajpur,2004,5.4,32.8,20.2,76.6,47.8,177.1,257.8,320.3,164.0,163.5,0.0,0.0
orissa,jajpur,2005,26.5,0.2,47.8,44.1,69.0,188.0,439.2,234.6,264.2,215.2,3.1,0.0
orissa,jajpur,2006,0.0,0.0,35.1,31.2,114.1,320.3,268.1,506.9,464.2,23.4,41.5,0.0
orissa,jajpur,2007,0.0,54.2,64.1,41.5,98.0,195.5,268.1,381.5,556.4,75.9,23.3,0.0
orissa,jajpur,2008,68.3,3.8,3.9,36.7,62.9,430.7,233.3,254.7,570.0,24.3,0.0,0.0
orissa,jajpur,2009,0.0,0.0,1.5,3.2,167.3,78.9,557.9,414.3,235.3,206.2,8.5,0.0
orissa,jajpur,2010,0.7,0.3,32.3,14.7,129.9,208.9,145.5,279.4,212.3,179.0,40.6,39.1
orissa,keonjhargarh,2004,0.5,10.1,7.1,76.5,39.1,249.9,240.1,346.8,150.4,117.5,0.0,0.0
orissa,keonjhargarh,2005,22.7,2.1,36.0,43.1,98.6,409.6,455.1,163.4,631.6,254.9,0.2,11.2
orissa,keonjhargarh,2006,0.0,0.0,21.1,35.7,152.9,177.8,317.9,545.6,285.5,38.2,34.8,0.0
orissa,keonjhargarh,2007,3.1,90.1,25.1,42.4,88.9,288.4,454.9,436.8,396.6,27.5,66.6,0.0
orissa,keonjhargarh,2008,62.2,6.6,9.2,30.8,103.6,570.8,303.6,293.4,362.7,15.4,2.7,0.0
orissa,keonjhargarh,2009,0.2,0.0,6.4,2.0,145.4,84.4,461.2,307.9,151.3,162.9,23.7,1.6
orissa,keonjhargarh,2010,0.5,0.4,19.0,19.4,111.3,152.7,251.2,255.5,226.3,108.1,11.2,41.0
orissa,khurda,2004,7.1,2.2,0.0,70.5,46.7,97.8,315.1,210.5,136.4,209.2,0.0,0.0
orissa,khurda,2005,31.1,0.0,52.4,43.2,41.0,114.5,356.1,200.3,196.5,209.4,19.9,0.0
orissa,khurda,2006,0.0,0.0,40.2,7.5,101.5,202.0,385.0,559.2,280.3,50.2,21.2,0.0
orissa,khurda,2007,0.0,46.9,0.1,25.4,96.5,302.7,161.5,259.1,513.1,76.0,6.9,0.0
orissa,khurda,2008,24.0,59.3,5.3,37.9,71.9,318.1,303.7,332.4,354.7,40.5,9.4,0.0
orissa,khurda,2009,0.0,0.0,0.0,11.1,68.5,120.9,614.8,300.4,171.4,146.4,82.6,0.0
orissa,khurda,2010,5.4,1.8,1.1,0.0,160.3,207.1,193.4,327.3,215.4,198.9,55.3,57.7
orissa,nawapara,2004,22.0,0.0,0.0,91.0,15.7,318.3,299.6,214.7,92.7,62.0,0.0,0.0
orissa,nawapara,2005,77.0,15.0,0.0,0.0,0.0,182.0,290.0,122.3,316.5,53.7,0.0,0.0
orissa,nawapara,2006,0.0,0.0,29.2,2.8,71.4,144.9,627.7,714.6,113.1,0.9,8.3,0.0
orissa,nawapara,2007,0.0,4.8,0.0,0.0,10.8,308.7,423.2,285.1,206.4,31.8,0.0,0.0
orissa,nawapara,2008,13.1,1.5,0.0,22.1,0.0,168.3,223.6,316.2,431.2,4.9,0.0,0.0
orissa,nawapara,2009,0.0,0.0,0.0,0.0,25.4,69.9,746.8,326.6,80.3,34.1,28.5,0.0
orissa,nawapara,2010,0.0,0.0,0.0,0.0,15.2,73.9,307.0,199.0,186.3,80.7,2.3,37.0
orissa,sonepur,2004,7.5,0.0,5.2,0.0,18.0,182.8,321.3,281.2,114.7,51.3,0.0,0.0
orissa,sonepur,2005,82.7,5.7,8.3,0.0,47.0,66.3,585.8,206.7,160.3,130.0,0.0,6.7
orissa,sonepur,2006,0.0,0.0,59.3,12.0,64.0,130.1,469.3,1224.3,141.0,18.7,7.0,0.0
orissa,sonepur,2007,0.0,19.8,0.0,0.3,21.3,502.7,229.7,319.0,373.8,25.7,2.0,0.0
orissa,sonepur,2008,20.0,17.0,0.0,0.0,0.0,397.2,383.7,404.7,335.7,7.0,0.0,0.0
orissa,sonepur,2009,0.0,0.0,0.0,0.0,7.7,90.0,1023.3,301.7,199.0,32.7,44.0,0.0
orissa,sonepur,2010,0.0,0.0,0.0,4.3,49.1,148.0,268.7,220.0,155.0,34.7,28.0,25.3
punjab,bhatinda,2004,28.1,8.4,0.0,0.4,52.4,74.9,29.9,105.3,14.4,19.2,0.0,0.0
punjab,bhatinda,2005,46.2,69.1,42.6,3.5,21.1,82.2,168.5,11.0,109.6,0.0,0.0,0.0
punjab,bhatinda,2006,14.0,0.0,60.2,1.4,49.4,59.7,50.3,1.3,50.7,2.1,19.5,9.2
punjab,bhatinda,2007,0.0,79.5,10.8,0.0,0.0,54.1,56.6,22.8,27.5,0.0,2.2,0.0
punjab,bhatinda,2008,3.7,2.9,0.0,23.2,36.5,190.8,58.2,155.3,47.5,8.0,0.0,0.9
punjab,bhatinda,2009,13.8,19.1,5.8,10.5,3.9,5.6,106.1,18.1,69.1,0.0,0.2,0.0
punjab,bhatinda,2010,3.4,12.9,2.2,0.0,3.0,34.1,116.1,103.2,79.9,0.0,0.0,2.5
punjab,ferozpur,2004,30.0,11.2,0.0,1.8,21.3,44.0,5.2,34.4,10.6,14.6,0.7,1.5
punjab,ferozpur,2005,38.8,40.7,52.7,11.9,6.1,10.3,171.6,80.5,83.9,0.0,0.0,0.0
punjab,ferozpur,2006,9.7,0.0,34.4,0.0,22.6,68.7,49.6,45.0,119.5,12.0,4.0,7.0
punjab,ferozpur,2007,0.0,50.0,18.3,0.0,0.0,61.1,84.0,56.0,17.5,0.0,0.0,3.0
punjab,ferozpur,2008,3.0,0.5,0.0,8.0,11.0,12.5,5.0,60.3,11.0,5.0,0.0,3.0
punjab,ferozpur,2009,12.5,2.4,1.1,19.5,0.5,2.0,21.5,11.7,61.8,0.0,0.0,0.0
punjab,ferozpur,2010,0.0,1.5,0.0,0.0,0.0,8.1,86.3,32.2,29.3,0.0,0.0,6.8
punjab,nawanshahar,2004,76.0,7.3,0.0,6.1,25.2,84.4,81.5,366.6,2.3,126.0,0.0,13.8
punjab,nawanshahar,2005,71.9,81.4,42.4,1.3,21.8,72.8,270.7,171.0,78.1,0.0,0.0,0.0
punjab,nawanshahar,2006,16.2,5.2,52.0,0.7,29.0,68.5,154.9,119.0,158.4,3.7,5.7,13.2
punjab,nawanshahar,2007,4.0,126.8,120.5,20.1,12.3,137.2,135.7,63.6,63.9,0.0,3.0,14.3
punjab,nawanshahar,2008,19.2,9.0,0.0,26.1,62.8,335.8,137.8,288.1,130.2,26.0,0.0,0.0
punjab,nawanshahar,2009,6.0,20.9,11.4,13.9,9.8,30.2,183.5,144.3,102.2,15.5,9.8,0.0
punjab,nawanshahar,2010,9.9,13.5,0.0,0.6,13.6,46.5,265.1,142.4,205.4,19.3,0.0,42.4
punjab,ropar,2004,108.6,4.9,0.0,10.7,35.9,72.9,167.3,356.8,64.6,201.3,0.0,36.3
punjab,ropar,2005,54.8,122.4,76.4,1.7,15.0,33.5,290.6,169.8,105.7,0.0,0.0,0.0
punjab,ropar,2006,22.5,4.5,107.9,11.4,96.2,149.1,285.7,323.8,65.3,2.7,7.3,19.8
punjab,ropar,2007,1.2,98.7,115.1,26.0,9.5,75.4,191.1,341.2,110.9,1.1,4.5,16.5
punjab,ropar,2008,26.5,7.6,0.0,27.8,19.0,292.5,155.4,306.4,191.2,25.7,0.0,0.0
punjab,ropar,2009,8.1,15.3,24.7,29.6,9.9,30.4,239.3,150.3,171.6,0.0,6.4,0.0
punjab,ropar,2010,4.8,17.9,0.0,0.7,6.8,117.6,438.2,212.6,157.8,20.1,0.0,44.4
rajasthan,chittorgarh,2004,0.4,0.0,0.0,0.0,0.3,57.2,193.9,611.3,37.0,59.7,0.0,0.0
rajasthan,chittorgarh,2005,0.0,0.0,0.0,4.0,0.6,44.5,252.7,138.8,198.0,0.0,0.0,0.0
rajasthan,chittorgarh,2006,0.0,0.0,6.9,0.0,1.7,140.3,244.2,602.1,126.6,0.0,0.0,0.0
rajasthan,chittorgarh,2007,0.0,8.4,0.6,0.0,0.0,22.2,316.2,213.7,48.8,0.0,0.0,0.4
rajasthan,chittorgarh,2008,0.0,0.0,1.2,12.0,6.2,98.6,286.6,279.8,121.2,8.2,0.0,0.0
rajasthan,chittorgarh,2009,0.0,0.0,0.9,0.0,8.0,49.8,313.3,197.1,61.9,9.8,6.1,0.0
rajasthan,chittorgarh,2010,0.0,0.1,0.0,0.0,0.0,41.4,214.6,329.1,111.1,0.0,75.5,5.6
rajasthan,dholpur,2004,11.5,0.0,0.0,4.6,15.7,25.1,167.1,404.4,128.9,71.5,0.1,0.0
rajasthan,dholpur,2005,2.4,0.1,31.2,0.5,10.0,53.4,440.8,94.6,65.8,0.0,0.0,0.0
rajasthan,dholpur,2006,0.0,0.0,0.0,1.1,11.7,72.5,202.0,41.4,47.1,0.0,0.0,0.0
rajasthan,dholpur,2007,1.7,19.9,8.9,0.9,6.9,72.4,80.1,121.8,65.8,0.0,0.0,0.7
rajasthan,dholpur,2008,0.0,0.0,0.3,0.5,5.3,278.7,317.2,196.1,70.4,0.0,0.3,0.0
rajasthan,dholpur,2009,0.5,0.0,0.0,0.9,1.3,13.6,135.7,132.5,68.8,45.3,23.5,0.8
rajasthan,dholpur,2010,1.0,3.3,0.0,0.1,4.6,7.5,229.2,209.9,211.2,0.0,67.9,1.6
rajasthan,jalore,2004,0.0,0.0,0.0,0.0,0.0,41.8,23.0,129.9,39.5,20.0,0.0,0.0
rajasthan,jalore,2005,0.0,0.0,0.0,4.5,7.6,37.8,158.9,73.5,146.6,0.0,0.0,0.0
rajasthan,jalore,2006,0.0,0.0,1.0,0.0,0.0,35.9,99.7,510.9,111.7,0.0,0.6,0.0
rajasthan,jalore,2007,0.0,2.4,3.3,0.0,0.0,19.0,156.5,115.7,15.3,0.0,0.0,0.0
rajasthan,jalore,2008,0.0,0.0,0.0,0.7,1.9,42.8,98.2,141.0,56.5,0.9,0.0,6.1
rajasthan,jalore,2009,0.0,0.0,16.0,0.0,0.0,24.6,132.0,17.3,2.1,0.0,0.0,0.0
rajasthan,jalore,2010,2.6,0.0,0.0,0.0,0.0,7.3,316.8,238.7,92.8,0.4,114.4,0.5
rajasthan,jhunjhunu,2004,1.8,0.0,0.0,3.3,19.9,18.7,50.8,190.2,5.4,30.5,0.0,0.1
rajasthan,jhunjhunu,2005,2.7,33.5,21.1,5.9,29.1,100.4,173.5,19.5,124.8,0.0,0.0,0.0
rajasthan,jhunjhunu,2006,0.0,0.0,23.4,2.1,48.5,55.4,153.6,15.1,31.1,10.5,0.0,2.0
rajasthan,jhunjhunu,2007,0.5,62.6,12.5,4.0,7.7,39.1,87.3,78.4,106.8,0.0,0.0,0.4
rajasthan,jhunjhunu,2008,0.0,0.0,0.0,4.2,6.7,92.7,75.6,187.9,116.9,0.1,0.2,0.0
rajasthan,jhunjhunu,2009,0.8,0.8,1.5,0.0,2.1,46.6,81.0,72.5,44.7,0.0,0.7,0.0
rajasthan,jhunjhunu,2010,1.8,1.2,0.3,0.0,1.0,48.9,139.4,258.3,203.0,0.1,22.5,6.7
rajasthan,sawaimadhopur,2004,2.7,0.0,0.0,0.0,36.2,32.3,52.3,423.5,45.0,16.7,0.0,0.0
rajasthan,sawaimadhopur,2005,0.3,0.0,1.7,0.0,0.0,65.7,347.7,68.0,75.7,0.0,0.0,0.0
rajasthan,sawaimadhopur,2006,0.0,0.0,6.3,0.0,15.3,70.1,149.2,138.0,47.3,0.0,0.0,0.0
rajasthan,sawaimadhopur,2007,0.0,8.3,8.3,3.7,0.7,79.3,123.0,146.5,93.3,0.0,0.0,0.3
rajasthan,sawaimadhopur,2008,0.0,0.0,0.7,0.0,6.5,214.0,251.3,137.2,127.0,5.5,2.0,0.0
rajasthan,sawaimadhopur,2009,0.0,0.0,1.0,1.0,6.6,23.9,113.6,155.0,37.3,82.8,20.1,0.0
rajasthan,sawaimadhopur,2010,7.0,2.9,0.0,0.0,1.3,10.4,164.7,299.8,200.3,0.0,105.6,0.7
rajasthan,sri ganganagar,2004,4.6,0.5,0.0,0.3,14.1,41.6,2.5,57.1,1.4,27.5,0.0,14.6
rajasthan,sri ganganagar,2005,8.9,65.9,29.3,2.2,32.4,10.0,23.4,0.5,32.6,0.0,5.0,0.0
rajasthan,sri ganganagar,2006,5.9,0.0,25.6,0.5,14.0,49.1,17.2,38.0,13.0,0.0,1.5,5.0
rajasthan,sri ganganagar,2007,0.0,51.3,8.1,11.4,1.3,129.1,45.1,39.9,58.4,0.0,0.0,0.9
rajasthan,sri ganganagar,2008,2.0,0.8,0.0,2.7,5.5,60.9,38.3,123.8,29.6,0.0,0.0,0.4
rajasthan,sri ganganagar,2009,3.7,2.4,9.7,4.7,0.5,3.5,82.2,25.9,35.4,0.0,0.0,0.0
rajasthan,sri ganganagar,2010,2.6,6.2,0.1,0.0,1.7,25.8,74.8,153.3,78.3,0.0,0.0,0.2
tamil nadu,kanchipuram,2004,14.2,0.0,7.7,16.4,222.1,41.8,29.2,32.8,313.2,253.2,195.0,3.6
tamil nadu,kanchipuram,2005,0.0,0.5,9.0,130.0,30.2,32.9,98.9,81.5,80.2,516.4,576.7,377.9
tamil nadu,kanchipuram,2006,16.1,0.0,26.5,3.7,14.7,87.2,64.7,32.6,129.6,414.5,232.3,57.7
tamil nadu,kanchipuram,2007,0.0,1.6,0.0,19.4,14.4,69.5,116.8,190.2,154.2,263.6,97.7,296.6
tamil nadu,kanchipuram,2008,28.8,18.8,150.9,13.5,18.6,52.2,42.0,99.7,117.8,312.4,505.7,36.3
tamil nadu,kanchipuram,2009,16.0,0.0,6.6,0.0,43.8,22.3,48.7,119.7,132.0,57.9,505.2,174.0
tamil nadu,kanchipuram,2010,1.0,0.0,0.0,4.4,91.3,107.9,93.3,209.3,116.1,192.0,291.9,260.9
tamil nadu,kanyakumari,2004,1.2,0.3,6.9,80.0,238.2,162.4,50.5,41.0,180.8,180.7,97.5,3.8
tamil nadu,kanyakumari,2005,0.5,18.2,28.7,273.6,78.6,101.9,162.5,28.0,96.9,182.6,288.4,78.9
tamil nadu,kanyakumari,2006,38.6,0.0,112.9,20.6,138.6,144.1,100.3,57.3,241.6,278.0,210.6,7.3
tamil nadu,kanyakumari,2007,1.6,2.2,11.3,196.4,119.9,174.7,131.4,59.6,189.1,231.0,102.6,14.1
tamil nadu,kanyakumari,2008,0.0,50.5,272.5,110.1,25.9,25.1,172.8,156.4,124.1,412.1,157.1,34.7
tamil nadu,kanyakumari,2009,0.6,0.0,85.8,103.1,109.8,124.4,85.4,61.0,81.2,113.0,304.7,35.1
tamil nadu,kanyakumari,2010,50.7,0.0,13.8,82.6,185.7,119.2,128.9,65.3,70.9,312.0,405.1,256.0
tamil nadu,nagapatinam,2004,9.5,4.7,10.3,0.0,337.4,1.7,38.1,71.2,236.3,639.5,378.5,67.3
tamil nadu,nagapatinam,2005,2.8,0.0,8.0,190.0,28.3,6.1,34.7,88.4,161.9,216.1,821.0,128.8
tamil nadu,nagapatinam,2006,36.7,0.0,35.7,52.9,40.0,17.3,4.8,67.7,90.3,456.3,361.7,80.7
tamil nadu,nagapatinam,2007,0.0,36.9,0.0,14.7,5.9,35.9,53.9,199.4,72.3,483.0,159.1,423.4
tamil nadu,nagapatinam,2008,64.1,12.4,328.6,8.2,33.7,33.7,19.3,66.0,56.8,259.3,786.5,188.4
tamil nadu,nagapatinam,2009,58.3,0.0,176.5,81.8,29.8,7.3,2.6,106.4,42.8,133.0,671.1,536.0
tamil nadu,nagapatinam,2010,57.0,0.0,0.1,10.6,100.0,70.8,31.0,171.2,113.2,151.7,499.8,390.1
tamil nadu,nilgiri,2004,32.9,16.3,3.6,65.9,358.2,341.9,109.5,221.1,271.2,326.6,236.5,1.6
tamil nadu,nilgiri,2005,18.7,4.5,29.9,197.2,80.6,146.5,451.1,229.5,205.4,239.6,264.4,53.2
tamil nadu,nilgiri,2006,23.8,0.0,75.6,66.4,182.7,195.6,155.1,139.1,164.1,351.4,271.1,33.6
tamil nadu,nilgiri,2007,7.8,28.1,6.4,68.4,104.0,335.7,280.4,316.9,210.2,277.7,78.2,180.8
tamil nadu,nilgiri,2008,5.0,188.6,286.9,52.2,99.7,294.7,353.8,292.2,127.2,440.4,55.3,37.1
tamil nadu,nilgiri,2009,1.7,0.0,98.2,45.8,142.5,184.0,635.6,233.9,211.7,161.5,658.1,73.4
tamil nadu,nilgiri,2010,17.6,2.5,19.0,60.3,111.0,281.3,373.1,336.0,231.3,237.1,307.7,65.1
tamil nadu,perambulur,2004,1.7,0.0,0.0,0.0,376.8,21.3,53.8,9.7,221.3,300.7,117.8,6.4
tamil nadu,perambulur,2005,0.0,0.0,20.2,52.0,114.8,24.3,91.3,103.5,82.6,172.1,481.7,199.8
tamil nadu,perambulur,2006,9.3,0.0,33.0,27.0,118.8,34.0,3.3,71.0,148.2,157.4,129.1,24.4
tamil nadu,perambulur,2007,0.0,0.0,0.0,56.0,74.9,59.3,34.8,179.5,38.8,226.5,33.1,205.5
tamil nadu,perambulur,2008,23.3,22.5,96.8,4.5,59.3,38.0,33.0,75.5,38.1,123.3,459.2,69.2
tamil nadu,perambulur,2009,9.8,0.0,9.5,7.8,74.0,25.3,12.0,89.3,83.8,29.4,286.8,119.1
tamil nadu,perambulur,2010,32.5,0.0,0.0,0.0,82.0,107.0,18.3,115.0,86.3,153.8,249.3,95.7
tamil nadu,pudukottai,2004,0.0,0.0,7.7,0.0,283.2,55.9,75.9,23.0,256.2,235.0,189.4,18.2
tamil nadu,pudukottai,2005,0.4,39.7,5.4,60.6,46.6,19.9,70.0,64.2,193.3,177.9,474.7,156.7
tamil nadu,pudukottai,2006,4.2,0.0,45.3,42.5,37.4,63.8,10.0,94.1,57.4,203.9,211.1,26.1
tamil nadu,pudukottai,2007,0.2,1.9,0.0,15.2,28.5,31.9,45.0,199.1,32.8,174.9,40.4,240.6
tamil nadu,pudukottai,2008,7.7,55.2,161.6,12.2,6.1,44.5,64.4,146.0,37.3,165.9,329.8,59.9
tamil nadu,pudukottai,2009,3.7,0.0,3.5,38.9,38.5,30.6,22.0,33.2,119.7,33.0,295.6,150.1
tamil nadu,pudukottai,2010,1.5,0.0,0.0,11.1,117.8,49.7,50.6,105.4,161.6,107.6,246.0,140.9
tamil nadu,tiruvallur,2004,20.8,0.0,0.0,17.4,218.9,43.8,51.4,24.7,233.1,226.2,222.3,2.0
tamil nadu,tiruvallur,2005,0.2,0.0,17.5,87.7,18.2,35.5,108.1,113.3,207.0,582.7,415.3,419.9
tamil nadu,tiruvallur,2006,0.2,0.0,27.2,10.2,27.5,81.3,55.1,107.3,185.5,430.5,173.3,64.1
tamil nadu,tiruvallur,2007,0.0,2.5,0.0,13.2,31.3,84.1,208.9,249.6,134.7,251.7,97.7,258.0
tamil nadu,tiruvallur,2008,57.2,11.4,137.6,0.8,30.4,105.6,89.4,90.2,135.0,260.0,482.3,18.8
tamil nadu,tiruvallur,2009,11.4,0.0,0.0,0.0,15.0,39.0,61.4,125.4,105.9,54.3,372.5,163.1
tamil nadu,tiruvallur,2010,2.3,0.0,0.0,0.6,137.5,101.5,280.3,279.6,155.8,133.1,207.2,177.9
tamil nadu,tiruvarur,2004,8.0,0.0,2.0,0.0,398.4,9.9,4.1,101.0,351.0,561.5,324.9,82.9
tamil nadu,tiruvarur,2005,0.9,0.3,0.7,184.3,28.8,4.3,51.9,63.1,166.0,131.4,569.2,105.4
tamil nadu,tiruvarur,2006,21.9,0.0,31.9,54.9,49.7,24.7,5.6,58.0,138.9,300.7,317.0,44.2
tamil nadu,tiruvarur,2007,0.1,5.9,0.0,15.3,42.0,45.9,49.4,294.0,122.7,355.8,67.1,416.9
tamil nadu,tiruvarur,2008,15.2,30.4,187.8,4.0,21.7,35.2,37.7,114.0,31.6,246.4,742.8,143.7
tamil nadu,tiruvarur,2009,31.9,0.0,92.3,63.4,47.0,5.0,10.7,137.0,72.1,65.8,507.9,381.6
tamil nadu,tiruvarur,2010,39.7,0.0,0.0,2.5,103.5,103.2,65.2,183.5,180.6,186.5,540.2,392.1
tamil nadu,trichy,2004,1.8,0.0,0.0,7.1,272.0,29.8,88.3,6.3,243.4,225.1,138.9,0.9
tamil nadu,trichy,2005,0.2,0.7,29.6,126.4,93.8,2.9,80.0,72.2,89.8,330.0,376.3,152.3
tamil nadu,trichy,2006,11.4,0.0,41.4,31.8,79.0,31.5,0.6,104.9,156.0,166.3,126.4,11.2
tamil nadu,trichy,2007,0.0,1.0,0.0,46.2,83.4,50.8,36.1,140.2,36.7,179.4,47.4,259.9
tamil nadu,trichy,2008,8.4,22.0,111.2,15.6,66.9,4.0,108.0,85.2,61.9,179.5,353.3,53.7
tamil nadu,trichy,2009,7.6,0.0,3.6,19.2,28.8,21.1,8.4,109.4,92.4,32.4,269.0,83.9
tamil nadu,trichy,2010,7.5,0.0,0.0,1.7,131.5,62.3,46.0,81.0,67.9,128.1,282.2,97.9
tamil nadu,tuticorin,2004,15.2,26.5,5.5,24.7,69.7,2.0,5.3,4.4,139.4,250.5,251.6,49.3
tamil nadu,tuticorin,2005,10.6,50.9,23.6,130.8,16.7,0.7,19.6,14.9,13.2,99.3,235.0,119.3
tamil nadu,tuticorin,2006,36.1,0.0,92.5,26.3,21.1,6.0,0.4,7.6,47.8,309.8,337.2,24.7
tamil nadu,tuticorin,2007,32.2,8.0,0.6,56.8,7.0,11.4,30.9,37.9,21.5,196.2,111.9,62.3
tamil nadu,tuticorin,2008,3.8,91.1,264.6,58.9,0.4,3.3,9.0,49.9,3.5,357.9,180.0,54.5
tamil nadu,tuticorin,2009,6.8,0.2,16.8,79.5,17.0,1.2,0.7,18.7,33.9,56.0,386.6,47.9
tamil nadu,tuticorin,2010,23.3,0.0,0.0,18.9,47.5,4.4,7.9,29.3,124.5,102.5,300.9,125.6
tamil nadu,villupuram,2004,22.5,0.0,0.0,27.0,464.3,56.0,98.8,19.3,354.8,295.1,229.9,0.2
tamil nadu,villupuram,2005,0.0,1.0,53.3,45.8,69.8,15.8,20.5,101.5,188.5,196.2,497.5,194.5
tamil nadu,villupuram,2006,5.9,0.0,39.6,16.0,59.0,91.8,40.0,118.1,102.3,312.2,212.0,75.1
tamil nadu,villupuram,2007,0.0,4.8,0.0,14.0,30.0,18.8,103.3,191.5,60.8,355.2,114.6,307.1
tamil nadu,villupuram,2008,36.0,85.9,128.0,19.6,84.4,37.3,69.1,101.1,85.0,256.2,486.8,43.6
tamil nadu,villupuram,2009,3.0,0.0,23.8,0.0,20.5,44.4,65.0,121.1,121.6,73.0,437.5,148.7
tamil nadu,villupuram,2010,11.4,0.0,0.0,0.0,74.2,120.6,44.6,168.5,187.4,113.6,447.8,193.6
tamil nadu,virudunagar,2004,8.8,6.0,8.0,59.1,49.4,14.2,40.3,3.8,135.6,156.4,152.7,9.2
tamil nadu,virudunagar,2005,0.6,0.0,43.2,138.1,50.8,1.0,28.2,64.3,41.9,256.9,225.2,143.5
tamil nadu,virudunagar,2006,12.4,0.0,169.2,40.6,48.3,10.7,1.2,30.1,46.1,299.2,320.6,4.1
tamil nadu,virudunagar,2007,10.8,0.0,0.0,102.6,43.4,37.7,9.6,54.4,22.6,231.5,130.8,151.8
tamil nadu,virudunagar,2008,0.8,37.5,270.0,50.1,37.1,7.2,40.4,108.1,19.8,338.4,139.6,21.4
tamil nadu,virudunagar,2009,2.2,0.0,35.3,39.8,49.3,1.7,0.0,16.5,60.1,38.8,264.1,28.2
tamil nadu,virudunagar,2010,0.1,0.0,0.0,20.6,73.1,44.0,21.6,43.8,97.9,173.5,305.0,77.3
uttar pradesh,kanpur city,2004,0.0,0.0,0.0,9.9,7.5,96.0,279.4,139.3,197.2,30.5,0.0,0.0
uttar pradesh,kanpur city,2005,3.0,0.0,15.2,0.0,0.2,67.4,264.9,144.3,147.1,0.0,0.0,3.0
uttar pradesh,kanpur city,2006,0.0,0.0,11.9,5.6,17.4,61.0,309.0,41.7,90.2,1.2,4.0,0.6
uttar pradesh,kanpur city,2007,1.2,60.7,10.2,3.2,0.0,40.3,354.2,180.1,34.7,1.3,0.0,1.2
uttar pradesh,kanpur city,2008,0.0,1.2,0.0,3.6,8.1,445.6,601.6,297.0,85.7,0.0,,0.0
uttar pradesh,kanpur city,2009,0.0,6.4,1.2,0.8,27.1,21.3,104.1,170.7,134.4,110.9,6.2,4.8
uttar pradesh,kanpur city,2010,0.0,11.3,0.0,0.0,3.5,36.0,218.1,94.8,133.5,7.2,17.8,0.8
uttar pradesh,raebareilly,2004,40.0,0.0,0.0,25.0,5.0,243.1,153.3,154.9,189.2,17.3,0.0,0.0
uttar pradesh,raebareilly,2005,8.8,1.1,9.7,0.0,9.2,40.4,302.6,87.1,177.4,0.0,0.0,2.1
uttar pradesh,raebareilly,2006,0.0,0.0,0.0,54.8,8.3,49.0,338.2,158.2,21.7,4.7,0.0,0.0
uttar pradesh,raebareilly,2007,0.0,29.3,12.2,0.0,18.0,38.3,226.9,215.8,135.5,12.0,,
uttar pradesh,raebareilly,2008,,0.0,0.0,3.1,11.0,120.3,230.3,185.8,92.3,0.0,0.0,0.0
uttar pradesh,raebareilly,2009,0.0,1.0,0.0,0.0,1.0,0.0,128.8,100.4,68.6,20.7,11.0,8.3
uttar pradesh,raebareilly,2010,3.8,9.8,0.0,0.0,30.0,3.9,85.6,137.2,73.6,0.6,2.0,0.0
uttarakhand,dehradun,2004,82.6,21.8,0.0,21.4,99.4,359.2,694.7,514.9,159.4,62.8,0.0,1.5
uttarakhand,dehradun,2005,33.0,75.4,61.0,0.3,21.9,95.4,757.8,640.5,412.6,5.2,0.0,0.6
uttarakhand,dehradun,2006,17.9,2.4,137.5,14.8,165.0,139.3,540.6,478.3,195.7,16.6,1.7,25.2
uttarakhand,dehradun,2007,0.4,111.4,96.1,15.6,16.8,79.2,860.0,943.5,801.0,10.6,0.0,5.9
uttarakhand,dehradun,2008,13.1,21.8,2.6,76.1,51.8,588.9,689.0,736.4,159.9,32.9,10.5,0.0
uttarakhand,dehradun,2009,5.0,39.5,2.6,18.8,43.6,74.5,437.4,453.9,273.2,168.7,2.0,0.0
uttarakhand,dehradun,2010,14.5,54.5,2.0,5.0,49.1,129.4,777.4,894.0,799.5,11.7,17.8,26.2
uttarakhand,garhwal tehri,2004,58.0,11.5,0.0,39.4,31.4,69.2,238.2,244.9,111.1,44.8,0.0,2.8
uttarakhand,garhwal tehri,2005,45.2,125.4,55.7,0.0,36.0,101.4,306.0,47.1,318.4,7.3,0.5,2.6
uttarakhand,garhwal tehri,2006,43.8,3.0,72.3,18.5,80.3,110.1,214.1,237.6,19.1,52.0,0.0,40.4
uttarakhand,garhwal tehri,2007,0.3,151.3,111.7,21.9,45.2,32.8,209.7,246.2,93.5,6.8,0.0,19.0
uttarakhand,garhwal tehri,2008,23.7,8.0,13.6,68.1,62.6,175.5,278.2,279.1,80.4,10.9,12.0,0.7
uttarakhand,garhwal tehri,2009,8.2,39.6,2.0,21.6,36.1,21.8,108.7,40.9,133.7,70.7,0.2,0.0
uttarakhand,garhwal tehri,2010,13.9,80.5,2.0,14.5,78.4,96.0,400.2,290.2,444.6,16.1,20.5,38.0
uttarakhand,nainital,2004,28.1,4.7,0.0,27.5,70.8,146.4,260.4,384.5,138.7,71.6,0.0,0.0
uttarakhand,nainital,2005,46.9,71.4,27.1,24.8,33.5,67.9,467.3,292.2,404.0,14.5,0.0,7.9
uttarakhand,nainital,2006,4.4,0.3,62.3,10.8,102.3,108.4,295.0,317.4,88.4,15.9,4.3,13.4
uttarakhand,nainital,2007,,152.7,121.6,33.7,71.7,198.4,262.8,420.5,259.1,11.7,0.0,2.2
uttarakhand,nainital,2008,10.2,4.5,0.9,22.3,38.5,333.6,495.9,527.0,353.1,11.5,4.7,0.0
uttarakhand,nainital,2009,0.6,14.3,3.2,22.2,51.4,62.6,226.2,493.7,301.0,194.1,24.7,2.8
uttarakhand,nainital,2010,7.2,49.8,0.2,5.5,57.7,120.3,819.0,703.4,702.5,3.1,8.9,19.7
